Workbook

Sheet Cover
A16: TIMES-Ireland Model
A19: Document type: | B19: Base Year Template
A20: Sector(s): | B20: Industry sector (IND)
A21: Purpose: | B21: Specify base year data and define sector structure
A23: Original developer(s): | B23: Olexandr Balyk (UCC, olexandr.balyk@ucc.ie)
B24: Bakytzhan Suleimenov (UCC, bsuleimenov@ucc.ie)
A26: Current maintainer(s): | B26: Bakytzhan Suleimenov (UCC, bsuleimenov@ucc.ie)
A29: Part of TIM version: | B29: 1
A30: Model repository: | B30: https://github.com/MaREI-EPMG/TIMES-Ireland-model
A31: Licence: | B31: CC BY-NC-SA 4.0 (unless specified otherwise)
B32: https://creativecommons.org/licenses/by-nc-sa/4.0/

Sheet Regions
C3: {=INDEX(C5:C7,$A$4)} -> IE | D3: {=INDEX(D5:D7,$A$4)} -> National | E3: {=INDEX(E5:E7,$A$4)} -> IE-CW | F3: {=INDEX(F5:F7,$A$4)} -> IE-D | G3: {=INDEX(G5:G7,$A$4)} -> IE-KE | H3: {=INDEX(H5:H7,$A$4)} -> IE-KK | I3: {=INDEX(I5:I7,$A$4)} -> IE-LS | J3: {=INDEX(J5:J7,$A$4)} -> IE-LD | ... AD3: {=INDEX(AD5:AD7,$A$4)} -> IE-MN
A4: 1
A5: Development | C5: IE | D5: National | E5: =A11 -> IE-CW | F5: =A16 -> IE-D | G5: =A19 -> IE-KE | H5: =A20 -> IE-KK | I5: =A21 -> IE-LS | J5: =A24 -> IE-LD | K5: =A25 -> IE-LH | L5: =A27 -> IE-MH | M5: =A29 -> IE-OY | N5: =A34 -> IE-WH | O5: =A35 -> IE-WX | P5: =A36 -> IE-WW | Q5: =A13 -> IE-CE | R5: =A14 -> IE-CO | S5: =A18 -> IE-KY | T5: =A23 -> IE-LK | U5: =A32 -> IE-TA | V5: =A33 -> IE-WD | W5: =A17 -> IE-G | X5: =A22 -> IE-LM | Y5: =A26 -> IE-MO | Z5: =A30 -> IE-RN | AA5: =A31 -> IE-SO | AB5: =A12 -> IE-CN | AC5: =A15 -> IE-DL | AD5: =A28 -> IE-MN
A6: Single-region | C6: =C5 -> IE | D6: ="*"&D5 -> *National | E6: ="*"&E5 -> *IE-CW | F6: ="*"&F5 -> *IE-D | G6: ="*"&G5 -> *IE-KE | H6: ="*"&H5 -> *IE-KK | I6: ="*"&I5 -> *IE-LS | J6: ="*"&J5 -> *IE-LD | K6: ="*"&K5 -> *IE-LH | ... AD6: ="*"&AD5 -> *IE-MN
A7: Multi-region | C7: ="*"&C5 -> *IE | D7: =D5 -> National | E7: =E5 -> IE-CW | F7: =F5 -> IE-D | G7: =G5 -> IE-KE | H7: =H5 -> IE-KK | I7: =I5 -> IE-LS | J7: =J5 -> IE-LD | K7: =K5 -> IE-LH | ... AD7: =AD5 -> IE-MN
A10: Code | B10: County name
A11: IE-CW | B11: Carlow
A12: IE-CN | B12: Cavan
A13: IE-CE | B13: Clare
A14: IE-CO | B14: Cork
A15: IE-DL | B15: Donegal
A16: IE-D | B16: Dublin
A17: IE-G | B17: Galway
A18: IE-KY | B18: Kerry
A19: IE-KE | B19: Kildare
A20: IE-KK | B20: Kilkenny
A21: IE-LS | B21: Laois
... A36: IE-WW | B36: Wicklow
A37: Source: https://en.wikipedia.org/wiki/ISO_3166-2:IE

Sheet Commodities
B2: ~FI_Comm
B3: Csets | C3: Region | D3: CommName | E3: CommDesc | F3: Unit | G3: LimType | H3: CTSLvl | I3: PeakTS | J3: Ctype
B4: \I: Energy commodities
B5: NRG | C5: =_xlfn.TEXTJOIN(",",TRUE,IF(LEFT(Regions!$C$3,1)<>"*",Regions!$C$3,""),IF(LEFT(Regions!$D$3,1)<>"*",Regions!$D$3,"")) -> IE,National | D5: INDCOA | E5: Coal (IND) | F5: PJ | G5: FX
B6: \I: | C6: =_xlfn.TEXTJOIN(",",TRUE,IF(LEFT(Regions!$C$3,1)<>"*",Regions!$C$3,""),IF(LEFT(Regions!$D$3,1)<>"*",Regions!$D$3,"")) -> IE,National | D6: INDPEA | E6: Peat (IND) | F6: PJ | G6: FX
B7: NRG | C7: =_xlfn.TEXTJOIN(",",TRUE,IF(LEFT(Regions!$C$3,1)<>"*",Regions!$C$3,""),IF(LEFT(Regions!$D$3,1)<>"*",Regions!$D$3,"")) -> IE,National | D7: INDOIL | E7: Oil products (IND) | F7: PJ | G7: FX
B8: NRG | C8: =_xlfn.TEXTJOIN(",",TRUE,IF(LEFT(Regions!$C$3,1)<>"*",Regions!$C$3,""),IF(LEFT(Regions!$D$3,1)<>"*",Regions!$D$3,"")) -> IE,National | D8: INDBKE | E8: BioKerosene (IND) | F8: PJ | G8: FX
B9: \I: | C9: =_xlfn.TEXTJOIN(",",TRUE,IF(LEFT(Regions!$C$3,1)<>"*",Regions!$C$3,""),IF(LEFT(Regions!$D$3,1)<>"*",Regions!$D$3,"")) -> IE,National | D9: INDHFO | E9: Heavy Fuel Oil (IND) | F9: PJ | G9: FX
B10: \I: | C10: =_xlfn.TEXTJOIN(",",TRUE,IF(LEFT(Regions!$C$3,1)<>"*",Regions!$C$3,""),IF(LEFT(Regions!$D$3,1)<>"*",Regions!$D$3,"")) -> IE,National | D10: INDLPG | E10: Liquified Petroleum Gas (IND) | F10: PJ | G10: FX
B11: \I: | C11: =_xlfn.TEXTJOIN(",",TRUE,IF(LEFT(Regions!$C$3,1)<>"*",Regions!$C$3,""),IF(LEFT(Regions!$D$3,1)<>"*",Regions!$D$3,"")) -> IE,National | D11: INDDST | E11: Diesel (IND) | F11: PJ | G11: FX
B12: NRG | C12: =_xlfn.TEXTJOIN(",",TRUE,IF(LEFT(Regions!$C$3,1)<>"*",Regions!$C$3,""),IF(LEFT(Regions!$D$3,1)<>"*",Regions!$D$3,"")) -> IE,National | D12: INDWOO | E12: Solid biomass (IND) | F12: PJ | G12: FX
B13: NRG | C13: =_xlfn.TEXTJOIN(",",TRUE,IF(LEFT(Regions!$C$3,1)<>"*",Regions!$C$3,""),IF(LEFT(Regions!$D$3,1)<>"*",Regions!$D$3,"")) -> IE,National | D13: INDCOK | E13: Petroleum Coke (IND) | F13: PJ | G13: FX
B14: NRG | C14: =_xlfn.TEXTJOIN(",",TRUE,IF(LEFT(Regions!$C$3,1)<>"*",Regions!$C$3,""),IF(LEFT(Regions!$D$3,1)<>"*",Regions!$D$3,"")) -> IE,National | D14: INDGAS | E14: Natural Gas (IND) | F14: PJ | G14: FX
B15: \I: | C15: =_xlfn.TEXTJOIN(",",TRUE,IF(LEFT(Regions!$C$3,1)<>"*",Regions!$C$3,""),IF(LEFT(Regions!$D$3,1)<>"*",Regions!$D$3,"")) -> IE,National | D15: INDHTH | E15: High Grade Heat (>500 C) | F15: PJ | G15: FX | H15: DAYNITE | J15: HTHEAT
B16: \I: | C16: =_xlfn.TEXTJOIN(",",TRUE,IF(LEFT(Regions!$C$3,1)<>"*",Regions!$C$3,""),IF(LEFT(Regions!$D$3,1)<>"*",Regions!$D$3,"")) -> IE,National | D16: INDMTH | E16: Medium Grade Heat (150 - 500 C) | F16: PJ | G16: FX | H16: DAYNITE | J16: HTHEAT
B17: \I: | C17: =_xlfn.TEXTJOIN(",",TRUE,IF(LEFT(Regions!$C$3,1)<>"*",Regions!$C$3,""),IF(LEFT(Regions!$D$3,1)<>"*",Regions!$D$3,"")) -> IE,National | D17: INDLTH | E17: Medium/Low Grade Heat (100 - 150 C) | F17: PJ | G17: FX | H17: DAYNITE | J17: LTHEAT
B18: \I: | C18: =_xlfn.TEXTJOIN(",",TRUE,IF(LEFT(Regions!$C$3,1)<>"*",Regions!$C$3,""),IF(LEFT(Regions!$D$3,1)<>"*",Regions!$D$3,"")) -> IE,National | D18: INDHET | E18: Low Grade Heat (<100 C) | F18: PJ | G18: FX | H18: DAYNITE | J18: LTHEAT
B19: NRG | C19: =_xlfn.TEXTJOIN(",",TRUE,IF(LEFT(Regions!$C$3,1)<>"*",Regions!$C$3,""),IF(LEFT(Regions!$D$3,1)<>"*",Regions!$D$3,"")) -> IE,National | D19: INDELC | E19: Electricity (IND) | F19: PJ | G19: FX | H19: DAYNITE | J19: ELC
B20: NRG | C20: =_xlfn.TEXTJOIN(",",TRUE,IF(LEFT(Regions!$C$3,1)<>"*",Regions!$C$3,""),IF(LEFT(Regions!$D$3,1)<>"*",Regions!$D$3,"")) -> IE,National | D20: INDBGS | E20: Biogas (IND) | F20: PJ | G20: FX
B21: NRG | C21: =_xlfn.TEXTJOIN(",",TRUE,IF(LEFT(Regions!$C$3,1)<>"*",Regions!$C$3,""),IF(LEFT(Regions!$D$3,1)<>"*",Regions!$D$3,"")) -> IE,National | D21: INDBIO | E21: Biomass (IND) | F21: PJ | G21: FX
B22: NRG | C22: =_xlfn.TEXTJOIN(",",TRUE,IF(LEFT(Regions!$C$3,1)<>"*",Regions!$C$3,""),IF(LEFT(Regions!$D$3,1)<>"*",Regions!$D$3,"")) -> IE,National | D22: INDRWS | E22: Renewable waste (IND) | F22: PJ | G22: FX
B23: NRG | C23: =_xlfn.TEXTJOIN(",",TRUE,IF(LEFT(Regions!$C$3,1)<>"*",Regions!$C$3,""),IF(LEFT(Regions!$D$3,1)<>"*",Regions!$D$3,"")) -> IE,National | D23: INDNWS | E23: Non-renewable waste (IND) | F23: PJ | G23: FX
B24: NRG | C24: =_xlfn.TEXTJOIN(",",TRUE,IF(LEFT(Regions!$C$3,1)<>"*",Regions!$C$3,""),IF(LEFT(Regions!$D$3,1)<>"*",Regions!$D$3,"")) -> IE,National | D24: INDH2G | E24: Hydrogen gaseous (IND) | F24: PJ | G24: FX
B25: NRG | C25: =_xlfn.TEXTJOIN(",",TRUE,IF(LEFT(Regions!$C$3,1)<>"*",Regions!$C$3,""),IF(LEFT(Regions!$D$3,1)<>"*",Regions!$D$3,"")) -> IE,National | D25: INDH2L | E25: Hydrogen liquid (IND) | F25: PJ | G25: FX
B26: \I: Demand commodities
B27: DEM | C27: =_xlfn.TEXTJOIN(",",TRUE,IF(LEFT(Regions!$C$3,1)<>"*",Regions!$C$3,""),IF(LEFT(Regions!$D$3,1)<>"*",Regions!$D$3,"")) -> IE,National | D27: =+"I"&P27 -> ICEM | E27: Cement industry demand | F27: PJ | O27: Cement | P27: CEM
B28: DEM | C28: =_xlfn.TEXTJOIN(",",TRUE,IF(LEFT(Regions!$C$3,1)<>"*",Regions!$C$3,""),IF(LEFT(Regions!$D$3,1)<>"*",Regions!$D$3,"")) -> IE,National | D28: =+"I"&P28 -> ICAF | E28: Chemicals industry demand | F28: PJ | O28: Chemicals | P28: CAF
B29: DEM | C29: =_xlfn.TEXTJOIN(",",TRUE,IF(LEFT(Regions!$C$3,1)<>"*",Regions!$C$3,""),IF(LEFT(Regions!$D$3,1)<>"*",Regions!$D$3,"")) -> IE,National | D29: =+"I"&P29 -> IFAP | E29: =O29&" demand" -> Food and Drink demand | F29: PJ | O29: Food and Drink | P29: FAP
B30: DEM | C30: =_xlfn.TEXTJOIN(",",TRUE,IF(LEFT(Regions!$C$3,1)<>"*",Regions!$C$3,""),IF(LEFT(Regions!$D$3,1)<>"*",Regions!$D$3,"")) -> IE,National | D30: =+"I"&P30 -> ILIM | E30: =O30&" demand" -> Lime demand | F30: PJ | O30: Lime | P30: LIM
B31: DEM | C31: =_xlfn.TEXTJOIN(",",TRUE,IF(LEFT(Regions!$C$3,1)<>"*",Regions!$C$3,""),IF(LEFT(Regions!$D$3,1)<>"*",Regions!$D$3,"")) -> IE,National | D31: =+"I"&P31 -> IMAP | E31: =O31&" demand" -> Metals demand | F31: PJ | O31: Metals | P31: MAP
B32: DEM | C32: =_xlfn.TEXTJOIN(",",TRUE,IF(LEFT(Regions!$C$3,1)<>"*",Regions!$C$3,""),IF(LEFT(Regions!$D$3,1)<>"*",Regions!$D$3,"")) -> IE,National | D32: =+"I"&P32 -> IOMA | E32: =O32&" demand" -> Other Industry demand | F32: PJ | O32: Other Industry | P32: OMA
B33: DEM | C33: =_xlfn.TEXTJOIN(",",TRUE,IF(LEFT(Regions!$C$3,1)<>"*",Regions!$C$3,""),IF(LEFT(Regions!$D$3,1)<>"*",Regions!$D$3,"")) -> IE,National | D33: =+"I"&P33 -> IONM | E33: Other non-metallic minerals | F33: PJ | O33: Other Minerals | P33: ONM
B34: \I: | O34: Refining | P34: REF
B35: DEM | C35: =_xlfn.TEXTJOIN(",",TRUE,IF(LEFT(Regions!$C$3,1)<>"*",Regions!$C$3,""),IF(LEFT(Regions!$D$3,1)<>"*",Regions!$D$3,"")) -> IE,National | D35: =+"I"&P35 -> IWAP | E35: =O35&" demand" -> Wood Products demand | F35: PJ | O35: Wood Products | P35: WAP
B36: DEM | C36: =_xlfn.TEXTJOIN(",",TRUE,IF(LEFT(Regions!$C$3,1)<>"*",Regions!$C$3,""),IF(LEFT(Regions!$D$3,1)<>"*",Regions!$D$3,"")) -> IE,National | D36: IELC | E36: Electricity consumption industry | F36: PJ
B37: DEM | C37: =_xlfn.TEXTJOIN(",",TRUE,IF(LEFT(Regions!$C$3,1)<>"*",Regions!$C$3,""),IF(LEFT(Regions!$D$3,1)<>"*",Regions!$D$3,"")) -> IE,National | D37: IOIL | E37: Residual oil consumption industry | F37: PJ
B38: \I:
B39: \I:
B40: \I:
B41: \I: Emissions commodities
B42: ENV | C42: =_xlfn.TEXTJOIN(",",TRUE,IF(LEFT(Regions!$C$3,1)<>"*",Regions!$C$3,""),IF(LEFT(Regions!$D$3,1)<>"*",Regions!$D$3,"")) -> IE,National | D42: INDCH4N | E42: Methane - eNergy Emissions (IND) | F42: kt
B43: ENV | C43: =_xlfn.TEXTJOIN(",",TRUE,IF(LEFT(Regions!$C$3,1)<>"*",Regions!$C$3,""),IF(LEFT(Regions!$D$3,1)<>"*",Regions!$D$3,"")) -> IE,National | D43: INDCH4P | E43: Methane Emissions - Process Emissions (IND) | F43: kt
B44: ENV | C44: =_xlfn.TEXTJOIN(",",TRUE,IF(LEFT(Regions!$C$3,1)<>"*",Regions!$C$3,""),IF(LEFT(Regions!$D$3,1)<>"*",Regions!$D$3,"")) -> IE,National | D44: INDN2ON | E44: N2O Emissions - eNergy Emissions (IND) | F44: kt
B45: ENV | C45: =_xlfn.TEXTJOIN(",",TRUE,IF(LEFT(Regions!$C$3,1)<>"*",Regions!$C$3,""),IF(LEFT(Regions!$D$3,1)<>"*",Regions!$D$3,"")) -> IE,National | D45: INDSO2N | E45: Sulfur dioxide - eNergy Emissions (IND) | F45: kt
B46: ENV | C46: =_xlfn.TEXTJOIN(",",TRUE,IF(LEFT(Regions!$C$3,1)<>"*",Regions!$C$3,""),IF(LEFT(Regions!$D$3,1)<>"*",Regions!$D$3,"")) -> IE,National | D46: INDCO2N | E46: Carbon Dioxide - eNergy Emissions (IND) | F46: kt
B47: ENV | C47: =_xlfn.TEXTJOIN(",",TRUE,IF(LEFT(Regions!$C$3,1)<>"*",Regions!$C$3,""),IF(LEFT(Regions!$D$3,1)<>"*",Regions!$D$3,"")) -> IE,National | D47: INDCO2P | E47: Carbon Dioxide - Process Emissions (IND) | F47: kt
B48: ENV | C48: =_xlfn.TEXTJOIN(",",TRUE,IF(LEFT(Regions!$C$3,1)<>"*",Regions!$C$3,""),IF(LEFT(Regions!$D$3,1)<>"*",Regions!$D$3,"")) -> IE,National | D48: INDCO2S | E48: Carbon Dioxide - Sequestered (IND) | F48: kt
B49: ENV | C49: =_xlfn.TEXTJOIN(",",TRUE,IF(LEFT(Regions!$C$3,1)<>"*",Regions!$C$3,""),IF(LEFT(Regions!$D$3,1)<>"*",Regions!$D$3,"")) -> IE,National | D49: INDNOXN | E49: Nitrogen Oxide - eNergy Emissions (IND) | F49: kt
B50: ENV | C50: =_xlfn.TEXTJOIN(",",TRUE,IF(LEFT(Regions!$C$3,1)<>"*",Regions!$C$3,""),IF(LEFT(Regions!$D$3,1)<>"*",Regions!$D$3,"")) -> IE,National | D50: INDPM10 | E50: Particulate Matter <10 µm (IND) | F50: kt
B51: ENV | C51: =_xlfn.TEXTJOIN(",",TRUE,IF(LEFT(Regions!$C$3,1)<>"*",Regions!$C$3,""),IF(LEFT(Regions!$D$3,1)<>"*",Regions!$D$3,"")) -> IE,National | D51: INDPM25 | E51: Particulate Matter <2.5 µm (IND) | F51: kt
B52: \I: Energy commodities
B53: NRG | C53: =_xlfn.TEXTJOIN(",",TRUE,IF(LEFT(Regions!$C$3,1)<>"*",Regions!$C$3,""),IF(LEFT(Regions!$D$3,1)<>"*",Regions!$D$3,"")) -> IE,National | D53: CEMHTH | E53: High Grade Heat (>500 C) | F53: PJ | H53: DAYNITE | J53: HTHEAT
B54: NRG | C54: =_xlfn.TEXTJOIN(",",TRUE,IF(LEFT(Regions!$C$3,1)<>"*",Regions!$C$3,""),IF(LEFT(Regions!$D$3,1)<>"*",Regions!$D$3,"")) -> IE,National | D54: CEMMTH | E54: Medium Grade Heat (150 - 500 C) | F54: PJ | H54: DAYNITE | J54: HTHEAT
B55: NRG | C55: =_xlfn.TEXTJOIN(",",TRUE,IF(LEFT(Regions!$C$3,1)<>"*",Regions!$C$3,""),IF(LEFT(Regions!$D$3,1)<>"*",Regions!$D$3,"")) -> IE,National | D55: CEMLTH | E55: Medium/Low Grade Heat (100 - 150 C) | F55: PJ | H55: DAYNITE | J55: LTHEAT
B56: NRG | C56: =_xlfn.TEXTJOIN(",",TRUE,IF(LEFT(Regions!$C$3,1)<>"*",Regions!$C$3,""),IF(LEFT(Regions!$D$3,1)<>"*",Regions!$D$3,"")) -> IE,National | D56: CEMHET | E56: Low Grade Heat (<100 C) | F56: PJ | H56: DAYNITE | J56: LTHEAT
B57: NRG | C57: =_xlfn.TEXTJOIN(",",TRUE,IF(LEFT(Regions!$C$3,1)<>"*",Regions!$C$3,""),IF(LEFT(Regions!$D$3,1)<>"*",Regions!$D$3,"")) -> IE,National | D57: CAFHTH | E57: High Grade Heat (>500 C) | F57: PJ | H57: DAYNITE | J57: HTHEAT
B58: NRG | C58: =_xlfn.TEXTJOIN(",",TRUE,IF(LEFT(Regions!$C$3,1)<>"*",Regions!$C$3,""),IF(LEFT(Regions!$D$3,1)<>"*",Regions!$D$3,"")) -> IE,National | D58: CAFMTH | E58: Medium Grade Heat (150 - 500 C) | F58: PJ | H58: DAYNITE | J58: HTHEAT
B59: NRG | C59: =_xlfn.TEXTJOIN(",",TRUE,IF(LEFT(Regions!$C$3,1)<>"*",Regions!$C$3,""),IF(LEFT(Regions!$D$3,1)<>"*",Regions!$D$3,"")) -> IE,National | D59: CAFLTH | E59: Medium/Low Grade Heat (100 - 150 C) | F59: PJ | H59: DAYNITE | J59: LTHEAT
B60: NRG | C60: =_xlfn.TEXTJOIN(",",TRUE,IF(LEFT(Regions!$C$3,1)<>"*",Regions!$C$3,""),IF(LEFT(Regions!$D$3,1)<>"*",Regions!$D$3,"")) -> IE,National | D60: CAFHET | E60: Low Grade Heat (<100 C) | F60: PJ | H60: DAYNITE | J60: LTHEAT
B61: NRG | C61: =_xlfn.TEXTJOIN(",",TRUE,IF(LEFT(Regions!$C$3,1)<>"*",Regions!$C$3,""),IF(LEFT(Regions!$D$3,1)<>"*",Regions!$D$3,"")) -> IE,National | D61: FAPHTH | E61: High Grade Heat (>500 C) | F61: PJ | H61: DAYNITE | J61: HTHEAT
B62: NRG | C62: =_xlfn.TEXTJOIN(",",TRUE,IF(LEFT(Regions!$C$3,1)<>"*",Regions!$C$3,""),IF(LEFT(Regions!$D$3,1)<>"*",Regions!$D$3,"")) -> IE,National | D62: FAPMTH | E62: Medium Grade Heat (150 - 500 C) | F62: PJ | H62: DAYNITE | J62: HTHEAT
B63: NRG | C63: =_xlfn.TEXTJOIN(",",TRUE,IF(LEFT(Regions!$C$3,1)<>"*",Regions!$C$3,""),IF(LEFT(Regions!$D$3,1)<>"*",Regions!$D$3,"")) -> IE,National | D63: FAPLTH | E63: Medium/Low Grade Heat (100 - 150 C) | F63: PJ | H63: DAYNITE | J63: LTHEAT
B64: NRG | C64: =_xlfn.TEXTJOIN(",",TRUE,IF(LEFT(Regions!$C$3,1)<>"*",Regions!$C$3,""),IF(LEFT(Regions!$D$3,1)<>"*",Regions!$D$3,"")) -> IE,National | D64: FAPHET | E64: Low Grade Heat (<100 C) | F64: PJ | H64: DAYNITE | J64: LTHEAT
... B88: NRG | C88: =_xlfn.TEXTJOIN(",",TRUE,IF(LEFT(Regions!$C$3,1)<>"*",Regions!$C$3,""),IF(LEFT(Regions!$D$3,1)<>"*",Regions!$D$3,"")) -> IE,National | D88: WAPHET | E88: Low Grade Heat (<100 C) | F88: PJ | H88: DAYNITE | J88: LTHEAT
B89: NRG | C89: =_xlfn.TEXTJOIN(",",TRUE,IF(LEFT(Regions!$C$3,1)<>"*",Regions!$C$3,""),IF(LEFT(Regions!$D$3,1)<>"*",Regions!$D$3,"")) -> IE,National | D89: WASTE | E89: Non-renewable waste | F89: PJ

Sheet Processes
B2: ~FI_Process
B3: Sets | C3: Region | D3: TechName | E3: TechDesc | F3: Tact | G3: Tcap | H3: Tslvl | I3: PrimaryCG | J3: Vintage
B4: \I: Demand Processes
B5: DMD | C5: =_xlfn.TEXTJOIN(",",TRUE,IF(LEFT(Regions!$C$3,1)<>"*",Regions!$C$3,""),IF(LEFT(Regions!$D$3,1)<>"*",Regions!$D$3,"")) -> IE,National | D5: =_xlfn.TEXTJOIN("-",TRUE,"I",B5,MID(Commodities!D27,2,3),"E0") -> I-DMD-CEM-E0 | E5: =_xlfn.CONCAT(Commodities!E27," process") -> Cement industry demand process | F5: PJ | G5: PJa
B6: DMD | C6: =_xlfn.TEXTJOIN(",",TRUE,IF(LEFT(Regions!$C$3,1)<>"*",Regions!$C$3,""),IF(LEFT(Regions!$D$3,1)<>"*",Regions!$D$3,"")) -> IE,National | D6: =_xlfn.TEXTJOIN("-",TRUE,"I",B6,MID(Commodities!D28,2,3),"E0") -> I-DMD-CAF-E0 | E6: =_xlfn.CONCAT(Commodities!E28," process") -> Chemicals industry demand process | F6: PJ | G6: PJa
B7: DMD | C7: =_xlfn.TEXTJOIN(",",TRUE,IF(LEFT(Regions!$C$3,1)<>"*",Regions!$C$3,""),IF(LEFT(Regions!$D$3,1)<>"*",Regions!$D$3,"")) -> IE,National | D7: =_xlfn.TEXTJOIN("-",TRUE,"I",B7,MID(Commodities!D29,2,3),"E0") -> I-DMD-FAP-E0 | E7: =_xlfn.CONCAT(Commodities!E29," process") -> Food and Drink demand process | F7: PJ | G7: PJa
B8: DMD | C8: =_xlfn.TEXTJOIN(",",TRUE,IF(LEFT(Regions!$C$3,1)<>"*",Regions!$C$3,""),IF(LEFT(Regions!$D$3,1)<>"*",Regions!$D$3,"")) -> IE,National | D8: =_xlfn.TEXTJOIN("-",TRUE,"I",B8,MID(Commodities!D30,2,3),"E0") -> I-DMD-LIM-E0 | E8: =_xlfn.CONCAT(Commodities!E30," process") -> Lime demand process | F8: PJ | G8: PJa
B9: DMD | C9: =_xlfn.TEXTJOIN(",",TRUE,IF(LEFT(Regions!$C$3,1)<>"*",Regions!$C$3,""),IF(LEFT(Regions!$D$3,1)<>"*",Regions!$D$3,"")) -> IE,National | D9: =_xlfn.TEXTJOIN("-",TRUE,"I",B9,MID(Commodities!D31,2,3),"E0") -> I-DMD-MAP-E0 | E9: =_xlfn.CONCAT(Commodities!E31," process") -> Metals demand process | F9: PJ | G9: PJa
B10: DMD | C10: =_xlfn.TEXTJOIN(",",TRUE,IF(LEFT(Regions!$C$3,1)<>"*",Regions!$C$3,""),IF(LEFT(Regions!$D$3,1)<>"*",Regions!$D$3,"")) -> IE,National | D10: =_xlfn.TEXTJOIN("-",TRUE,"I",B10,MID(Commodities!D32,2,3),"E0") -> I-DMD-OMA-E0 | E10: =_xlfn.CONCAT(Commodities!E32," process") -> Other Industry demand process | F10: PJ | G10: PJa
B11: DMD | C11: =_xlfn.TEXTJOIN(",",TRUE,IF(LEFT(Regions!$C$3,1)<>"*",Regions!$C$3,""),IF(LEFT(Regions!$D$3,1)<>"*",Regions!$D$3,"")) -> IE,National | D11: =_xlfn.TEXTJOIN("-",TRUE,"I",B11,MID(Commodities!D33,2,3),"E0") -> I-DMD-ONM-E0 | E11: =_xlfn.CONCAT(Commodities!E33," process") -> Other non-metallic minerals process | F11: PJ | G11: PJa
B12: \I: | C12: =_xlfn.TEXTJOIN(",",TRUE,IF(LEFT(Regions!$C$3,1)<>"*",Regions!$C$3,""),IF(LEFT(Regions!$D$3,1)<>"*",Regions!$D$3,"")) -> IE,National | D12: =_xlfn.TEXTJOIN("-",TRUE,"I",B12,MID(Commodities!D34,2,3),"E0") -> I-\I: -E0 | E12: =_xlfn.CONCAT(Commodities!E34," process") -> process | F12: PJ | G12: PJa
B13: DMD | C13: =_xlfn.TEXTJOIN(",",TRUE,IF(LEFT(Regions!$C$3,1)<>"*",Regions!$C$3,""),IF(LEFT(Regions!$D$3,1)<>"*",Regions!$D$3,"")) -> IE,National | D13: =_xlfn.TEXTJOIN("-",TRUE,"I",B13,MID(Commodities!D35,2,3),"E0") -> I-DMD-WAP-E0 | E13: =_xlfn.CONCAT(Commodities!E35," process") -> Wood Products demand process | F13: PJ | G13: PJa
B14: DMD | C14: =_xlfn.TEXTJOIN(",",TRUE,IF(LEFT(Regions!$C$3,1)<>"*",Regions!$C$3,""),IF(LEFT(Regions!$D$3,1)<>"*",Regions!$D$3,"")) -> IE,National | D14: =_xlfn.TEXTJOIN("-",TRUE,"I",B14,MID(Commodities!D36,2,3),"E0") -> I-DMD-ELC-E0 | E14: =_xlfn.CONCAT(Commodities!E36," process") -> Electricity consumption industry process | F14: PJ | G14: PJa
B15: DMD | C15: =_xlfn.TEXTJOIN(",",TRUE,IF(LEFT(Regions!$C$3,1)<>"*",Regions!$C$3,""),IF(LEFT(Regions!$D$3,1)<>"*",Regions!$D$3,"")) -> IE,National | D15: =_xlfn.TEXTJOIN("-",TRUE,"I",B15,MID(Commodities!D37,2,3),"E0") -> I-DMD-OIL-E0 | E15: =_xlfn.CONCAT(Commodities!E37," process") -> Residual oil consumption industry process | F15: PJ | G15: PJa
B16: \I: | C16: =_xlfn.TEXTJOIN(",",TRUE,IF(LEFT(Regions!$C$3,1)<>"*",Regions!$C$3,""),IF(LEFT(Regions!$D$3,1)<>"*",Regions!$D$3,"")) -> IE,National | D16: =_xlfn.TEXTJOIN("-",TRUE,"I",B16,MID(Commodities!D38,2,3),"E0") -> I-\I: -E0 | E16: =_xlfn.CONCAT(Commodities!E38," process") -> process | F16: PJ | G16: PJa
... B18: \I: | C18: =_xlfn.TEXTJOIN(",",TRUE,IF(LEFT(Regions!$C$3,1)<>"*",Regions!$C$3,""),IF(LEFT(Regions!$D$3,1)<>"*",Regions!$D$3,"")) -> IE,National | D18: =_xlfn.TEXTJOIN("-",TRUE,"I",B18,MID(Commodities!D40,2,3),"E0") -> I-\I: -E0 | E18: =_xlfn.CONCAT(Commodities!E40," process") -> process | F18: PJ | G18: PJa
B19: \I: Fuel Technologies
B20: PRE | C20: =_xlfn.TEXTJOIN(",",TRUE,IF(LEFT(Regions!$C$3,1)<>"*",Regions!$C$3,""),IF(LEFT(Regions!$D$3,1)<>"*",Regions!$D$3,"")) -> IE,National | D20: =_xlfn.TEXTJOIN("-",TRUE,"FT",Commodities!D5) -> FT-INDCOA | E20: =_xlfn.TEXTJOIN(" - ",TRUE,"Fuel Tech",Commodities!E5) -> Fuel Tech - Coal (IND) | F20: PJ | G20: PJa
B21: \I: | C21: =_xlfn.TEXTJOIN(",",TRUE,IF(LEFT(Regions!$C$3,1)<>"*",Regions!$C$3,""),IF(LEFT(Regions!$D$3,1)<>"*",Regions!$D$3,"")) -> IE,National | D21: =_xlfn.TEXTJOIN("-",TRUE,"FT",Commodities!D6) -> FT-INDPEA | E21: =_xlfn.TEXTJOIN(" - ",TRUE,"Fuel Tech",Commodities!E6) -> Fuel Tech - Peat (IND) | F21: PJ | G21: PJa
B22: PRE | C22: =_xlfn.TEXTJOIN(",",TRUE,IF(LEFT(Regions!$C$3,1)<>"*",Regions!$C$3,""),IF(LEFT(Regions!$D$3,1)<>"*",Regions!$D$3,"")) -> IE,National | D22: =_xlfn.TEXTJOIN("-",TRUE,"FT",Commodities!D7) -> FT-INDOIL | E22: =_xlfn.TEXTJOIN(" - ",TRUE,"Fuel Tech",Commodities!E7) -> Fuel Tech - Oil products (IND) | F22: PJ | G22: PJa
B23: \I: | C23: =_xlfn.TEXTJOIN(",",TRUE,IF(LEFT(Regions!$C$3,1)<>"*",Regions!$C$3,""),IF(LEFT(Regions!$D$3,1)<>"*",Regions!$D$3,"")) -> IE,National | D23: =_xlfn.TEXTJOIN("-",TRUE,"FT",Commodities!D8) -> FT-INDBKE | E23: =_xlfn.TEXTJOIN(" - ",TRUE,"Fuel Tech",Commodities!E8) -> Fuel Tech - BioKerosene (IND) | F23: PJ | G23: PJa
B24: \I: | C24: =_xlfn.TEXTJOIN(",",TRUE,IF(LEFT(Regions!$C$3,1)<>"*",Regions!$C$3,""),IF(LEFT(Regions!$D$3,1)<>"*",Regions!$D$3,"")) -> IE,National | D24: =_xlfn.TEXTJOIN("-",TRUE,"FT",Commodities!D9) -> FT-INDHFO | E24: =_xlfn.TEXTJOIN(" - ",TRUE,"Fuel Tech",Commodities!E9) -> Fuel Tech - Heavy Fuel Oil (IND) | F24: PJ | G24: PJa
B25: \I: | C25: =_xlfn.TEXTJOIN(",",TRUE,IF(LEFT(Regions!$C$3,1)<>"*",Regions!$C$3,""),IF(LEFT(Regions!$D$3,1)<>"*",Regions!$D$3,"")) -> IE,National | D25: =_xlfn.TEXTJOIN("-",TRUE,"FT",Commodities!D10) -> FT-INDLPG | E25: =_xlfn.TEXTJOIN(" - ",TRUE,"Fuel Tech",Commodities!E10) -> Fuel Tech - Liquified Petroleum Gas (IND) | F25: PJ | G25: PJa
B26: \I: | C26: =_xlfn.TEXTJOIN(",",TRUE,IF(LEFT(Regions!$C$3,1)<>"*",Regions!$C$3,""),IF(LEFT(Regions!$D$3,1)<>"*",Regions!$D$3,"")) -> IE,National | D26: =_xlfn.TEXTJOIN("-",TRUE,"FT",Commodities!D11) -> FT-INDDST | E26: =_xlfn.TEXTJOIN(" - ",TRUE,"Fuel Tech",Commodities!E11) -> Fuel Tech - Diesel (IND) | F26: PJ | G26: PJa
B27: PRE | C27: =_xlfn.TEXTJOIN(",",TRUE,IF(LEFT(Regions!$C$3,1)<>"*",Regions!$C$3,""),IF(LEFT(Regions!$D$3,1)<>"*",Regions!$D$3,"")) -> IE,National | D27: =_xlfn.TEXTJOIN("-",TRUE,"FT",Commodities!D12) -> FT-INDWOO | E27: =_xlfn.TEXTJOIN(" - ",TRUE,"Fuel Tech",Commodities!E12) -> Fuel Tech - Solid biomass (IND) | F27: PJ | G27: PJa
B28: PRE | C28: =_xlfn.TEXTJOIN(",",TRUE,IF(LEFT(Regions!$C$3,1)<>"*",Regions!$C$3,""),IF(LEFT(Regions!$D$3,1)<>"*",Regions!$D$3,"")) -> IE,National | D28: =_xlfn.TEXTJOIN("-",TRUE,"FT",Commodities!D13) -> FT-INDCOK | E28: =_xlfn.TEXTJOIN(" - ",TRUE,"Fuel Tech",Commodities!E13) -> Fuel Tech - Petroleum Coke (IND) | F28: PJ | G28: PJa
B29: PRE | C29: =_xlfn.TEXTJOIN(",",TRUE,IF(LEFT(Regions!$C$3,1)<>"*",Regions!$C$3,""),IF(LEFT(Regions!$D$3,1)<>"*",Regions!$D$3,"")) -> IE,National | D29: =_xlfn.TEXTJOIN("-",TRUE,"FT",Commodities!D14) -> FT-INDGAS | E29: =_xlfn.TEXTJOIN(" - ",TRUE,"Fuel Tech",Commodities!E14) -> Fuel Tech - Natural Gas (IND) | F29: PJ | G29: PJa
B30: PRE | C30: =_xlfn.TEXTJOIN(",",TRUE,IF(LEFT(Regions!$C$3,1)<>"*",Regions!$C$3,""),IF(LEFT(Regions!$D$3,1)<>"*",Regions!$D$3,"")) -> IE,National | D30: =_xlfn.TEXTJOIN("-",TRUE,"FT",Commodities!D19) -> FT-INDELC | E30: =_xlfn.TEXTJOIN(" - ",TRUE,"Fuel Tech",Commodities!E19) -> Fuel Tech - Electricity (IND) | F30: PJ | G30: PJa | H30: DAYNITE
B31: PRE | C31: =_xlfn.TEXTJOIN(",",TRUE,IF(LEFT(Regions!$C$3,1)<>"*",Regions!$C$3,""),IF(LEFT(Regions!$D$3,1)<>"*",Regions!$D$3,"")) -> IE,National | D31: =_xlfn.TEXTJOIN("-",TRUE,"FT",Commodities!D20) -> FT-INDBGS | E31: =_xlfn.TEXTJOIN(" - ",TRUE,"Fuel Tech",Commodities!E20) -> Fuel Tech - Biogas (IND) | F31: PJ | G31: PJa
B32: PRE | C32: =_xlfn.TEXTJOIN(",",TRUE,IF(LEFT(Regions!$C$3,1)<>"*",Regions!$C$3,""),IF(LEFT(Regions!$D$3,1)<>"*",Regions!$D$3,"")) -> IE,National | D32: =_xlfn.TEXTJOIN("-",TRUE,"FT",Commodities!D21) -> FT-INDBIO | E32: =_xlfn.TEXTJOIN(" - ",TRUE,"Fuel Tech",Commodities!E21) -> Fuel Tech - Biomass (IND) | F32: PJ | G32: PJa
B33: PRE | C33: =_xlfn.TEXTJOIN(",",TRUE,IF(LEFT(Regions!$C$3,1)<>"*",Regions!$C$3,""),IF(LEFT(Regions!$D$3,1)<>"*",Regions!$D$3,"")) -> IE,National | D33: =_xlfn.TEXTJOIN("-",TRUE,"FT",Commodities!D22) -> FT-INDRWS | E33: =_xlfn.TEXTJOIN(" - ",TRUE,"Fuel Tech",Commodities!E22) -> Fuel Tech - Renewable waste (IND) | F33: PJ | G33: PJa
B34: PRE | C34: =_xlfn.TEXTJOIN(",",TRUE,IF(LEFT(Regions!$C$3,1)<>"*",Regions!$C$3,""),IF(LEFT(Regions!$D$3,1)<>"*",Regions!$D$3,"")) -> IE,National | D34: =_xlfn.TEXTJOIN("-",TRUE,"FT",Commodities!D23) -> FT-INDNWS | E34: =_xlfn.TEXTJOIN(" - ",TRUE,"Fuel Tech",Commodities!E23) -> Fuel Tech - Non-renewable waste (IND) | F34: PJ | G34: PJa
B35: PRE | C35: =_xlfn.TEXTJOIN(",",TRUE,IF(LEFT(Regions!$C$3,1)<>"*",Regions!$C$3,""),IF(LEFT(Regions!$D$3,1)<>"*",Regions!$D$3,"")) -> IE,National | D35: =_xlfn.TEXTJOIN("-",TRUE,"FT",Commodities!D24) -> FT-INDH2G | E35: =_xlfn.TEXTJOIN(" - ",TRUE,"Fuel Tech",Commodities!E24) -> Fuel Tech - Hydrogen gaseous (IND) | F35: PJ | G35: PJa
B36: PRE | C36: =_xlfn.TEXTJOIN(",",TRUE,IF(LEFT(Regions!$C$3,1)<>"*",Regions!$C$3,""),IF(LEFT(Regions!$D$3,1)<>"*",Regions!$D$3,"")) -> IE,National | D36: =_xlfn.TEXTJOIN("-",TRUE,"FT",Commodities!D25) -> FT-INDH2L | E36: =_xlfn.TEXTJOIN(" - ",TRUE,"Fuel Tech",Commodities!E25) -> Fuel Tech - Hydrogen liquid (IND) | F36: PJ | G36: PJa
B37: PRE | C37: =_xlfn.TEXTJOIN(",",TRUE,IF(LEFT(Regions!$C$3,1)<>"*",Regions!$C$3,""),IF(LEFT(Regions!$D$3,1)<>"*",Regions!$D$3,"")) -> IE,National | D37: =+Techs!B6 -> I-CEM-KLN-NWS-ETS_E0 | E37: =+Techs!C6 -> Industry - Cement - Cement/Lime Kiln - Non-bio waste - ETS | F37: MW | G37: PJa
B38: PRE | C38: =_xlfn.TEXTJOIN(",",TRUE,IF(LEFT(Regions!$C$3,1)<>"*",Regions!$C$3,""),IF(LEFT(Regions!$D$3,1)<>"*",Regions!$D$3,"")) -> IE,National | D38: =+Techs!B7 -> I-CEM-DRR-NWS-ETS_E0 | E38: =+Techs!C7 -> Industry - Cement - Dryer - Non-bio waste - ETS | F38: MW | G38: PJa
B39: PRE | C39: =_xlfn.TEXTJOIN(",",TRUE,IF(LEFT(Regions!$C$3,1)<>"*",Regions!$C$3,""),IF(LEFT(Regions!$D$3,1)<>"*",Regions!$D$3,"")) -> IE,National | D39: =+Techs!B8 -> I-CEM-KLN-RWS-ETS_E0 | E39: =+Techs!C8 -> Industry - Cement - Cement/Lime Kiln - Bio waste - ETS | F39: MW | G39: PJa
B40: PRE | C40: =_xlfn.TEXTJOIN(",",TRUE,IF(LEFT(Regions!$C$3,1)<>"*",Regions!$C$3,""),IF(LEFT(Regions!$D$3,1)<>"*",Regions!$D$3,"")) -> IE,National | D40: =+Techs!B9 -> I-CEM-DRR-RWS-ETS_E0 | E40: =+Techs!C9 -> Industry - Cement - Dryer - Bio waste - ETS | F40: MW | G40: PJa
B41: PRE | C41: =_xlfn.TEXTJOIN(",",TRUE,IF(LEFT(Regions!$C$3,1)<>"*",Regions!$C$3,""),IF(LEFT(Regions!$D$3,1)<>"*",Regions!$D$3,"")) -> IE,National | D41: =+Techs!B10 -> I-CEM-KLN-COA-ETS_E0 | E41: =+Techs!C10 -> Industry - Cement - Cement/Lime Kiln - Solid Fuels - ETS | F41: MW | G41: PJa
B42: PRE | C42: =_xlfn.TEXTJOIN(",",TRUE,IF(LEFT(Regions!$C$3,1)<>"*",Regions!$C$3,""),IF(LEFT(Regions!$D$3,1)<>"*",Regions!$D$3,"")) -> IE,National | D42: =+Techs!B11 -> I-CEM-DRR-COA-ETS_E0 | E42: =+Techs!C11 -> Industry - Cement - Dryer - Solid Fuels - ETS | F42: MW | G42: PJa
B43: PRE | C43: =_xlfn.TEXTJOIN(",",TRUE,IF(LEFT(Regions!$C$3,1)<>"*",Regions!$C$3,""),IF(LEFT(Regions!$D$3,1)<>"*",Regions!$D$3,"")) -> IE,National | D43: =+Techs!B12 -> I-CEM-KLN-OIL-ETS_E0 | E43: =+Techs!C12 -> Industry - Cement - Cement/Lime Kiln - Oil - ETS | F43: MW | G43: PJa
B44: PRE | C44: =_xlfn.TEXTJOIN(",",TRUE,IF(LEFT(Regions!$C$3,1)<>"*",Regions!$C$3,""),IF(LEFT(Regions!$D$3,1)<>"*",Regions!$D$3,"")) -> IE,National | D44: =+Techs!B13 -> I-CEM-DRR-OIL-ETS_E0 | E44: =+Techs!C13 -> Industry - Cement - Dryer - Oil - ETS | F44: MW | G44: PJa
B45: PRE | C45: =_xlfn.TEXTJOIN(",",TRUE,IF(LEFT(Regions!$C$3,1)<>"*",Regions!$C$3,""),IF(LEFT(Regions!$D$3,1)<>"*",Regions!$D$3,"")) -> IE,National | D45: =+Techs!B14 -> I-CEM-KLN-GAS-ETS_E0 | E45: =+Techs!C14 -> Industry - Cement - Cement/Lime Kiln - Gas - ETS | F45: MW | G45: PJa
B46: PRE | C46: =_xlfn.TEXTJOIN(",",TRUE,IF(LEFT(Regions!$C$3,1)<>"*",Regions!$C$3,""),IF(LEFT(Regions!$D$3,1)<>"*",Regions!$D$3,"")) -> IE,National | D46: =+Techs!B15 -> I-CEM-DRR-GAS-ETS_E0 | E46: =+Techs!C15 -> Industry - Cement - Dryer - Gas - ETS | F46: MW | G46: PJa
B47: PRE | C47: =_xlfn.TEXTJOIN(",",TRUE,IF(LEFT(Regions!$C$3,1)<>"*",Regions!$C$3,""),IF(LEFT(Regions!$D$3,1)<>"*",Regions!$D$3,"")) -> IE,National | D47: =+Techs!B16 -> I-CAF-BLR-OIL-ETS_E0 | E47: =+Techs!C16 -> Industry - Chemicals - Boiler - Oil - ETS | F47: MW | G47: PJa
B48: PRE | C48: =_xlfn.TEXTJOIN(",",TRUE,IF(LEFT(Regions!$C$3,1)<>"*",Regions!$C$3,""),IF(LEFT(Regions!$D$3,1)<>"*",Regions!$D$3,"")) -> IE,National | D48: =+Techs!B17 -> I-CAF-CHP-OIL-ETS_E0 | E48: =+Techs!C17 -> Industry - Chemicals - CHP - Oil - ETS | F48: MW | G48: PJa
... B140: PRE | C140: =_xlfn.TEXTJOIN(",",TRUE,IF(LEFT(Regions!$C$3,1)<>"*",Regions!$C$3,""),IF(LEFT(Regions!$D$3,1)<>"*",Regions!$D$3,"")) -> IE,National | D140: =+Techs!B109 -> I-WAP-DRR-GAS-NETS_E0 | E140: =+Techs!C109 -> Industry - Wood Products - Dryer - Gas - Non-ETS | F140: MW | G140: PJa
B141: MIN | C141: =_xlfn.TEXTJOIN(",",TRUE,IF(LEFT(Regions!$C$3,1)<>"*",Regions!$C$3,""),IF(LEFT(Regions!$D$3,1)<>"*",Regions!$D$3,"")) -> IE,National | D141: MIN-WASTE | E141: Non-renewable waste production | F141: PJ | G141: PJa

Sheet FT
F2: ~FI_T
B3: Region | C3: TechName | D3: *TechDesc | E3: Comm-IN | F3: Comm-OUT | G3: EFF | H3: NCAP_TLIFE | I3: Share-I | J3: Share-I~0 | K3: COST
B4: *Region Name | C4: Technology Name | D4: Technology Description | E4: Input Commodity | F4: Output Commodity | G4: Efficiency | H4: Lifetime | I4: Input share | J4: Input share interpolation
B5: *Units | H5: Years | I5: %
B6: =_xlfn.TEXTJOIN(",",TRUE,IF(LEFT(Regions!$C$3,1)<>"*",Regions!$C$3,""),IF(LEFT(Regions!$D$3,1)<>"*",Regions!$D$3,"")) -> IE,National | C6: =Processes!D20 -> FT-INDCOA | D6: =Processes!E20 -> Fuel Tech - Coal (IND) | E6: COABIT | F6: =Commodities!D5 -> INDCOA | G6: 1 | H6: 50
B7: =_xlfn.TEXTJOIN(",",TRUE,IF(LEFT(Regions!$C$3,1)<>"*",Regions!$C$3,""),IF(LEFT(Regions!$D$3,1)<>"*",Regions!$D$3,"")) -> IE,National | C7: =Processes!D21 -> FT-INDPEA | D7: =Processes!E21 -> Fuel Tech - Peat (IND) | E7: PEAT | F7: =Commodities!D6 -> INDPEA | G7: 1 | H7: 50
B8: =_xlfn.TEXTJOIN(",",TRUE,IF(LEFT(Regions!$C$3,1)<>"*",Regions!$C$3,""),IF(LEFT(Regions!$D$3,1)<>"*",Regions!$D$3,"")) -> IE,National | C8: =Processes!D22 -> FT-INDOIL | D8: =Processes!E22 -> Fuel Tech - Oil products (IND) | E8: OILKER | F8: =Commodities!D7 -> INDOIL | G8: 1 | H8: 50 | I8: 0.04 | J8: 5
E9: BIOJKR | I9: 0 | J9: 5
E10: OILHFO | I10: 0.18 | J10: 5
E11: OILLPG | I11: =1-SUM(I8:I10,I12:I13) -> 0.23 | J11: 5
E12: OILDST | I12: 0.55 | J12: 5
E13: BIODST1G,BIODST2G | I13: 0 | J13: 5
B14: =_xlfn.TEXTJOIN(",",TRUE,IF(LEFT(Regions!$C$3,1)<>"*",Regions!$C$3,""),IF(LEFT(Regions!$D$3,1)<>"*",Regions!$D$3,"")) -> IE,National | C14: =Processes!D28 -> FT-INDCOK | D14: =Processes!E28 -> Fuel Tech - Petroleum Coke (IND) | E14: OILCOK | F14: =Commodities!D13 -> INDCOK | G14: 1 | H14: 50
B15: =_xlfn.TEXTJOIN(",",TRUE,IF(LEFT(Regions!$C$3,1)<>"*",Regions!$C$3,""),IF(LEFT(Regions!$D$3,1)<>"*",Regions!$D$3,"")) -> IE,National | C15: =Processes!D29 -> FT-INDGAS | D15: =Processes!E29 -> Fuel Tech - Natural Gas (IND) | E15: GASNAT | F15: =Commodities!D14 -> INDGAS | G15: 1 | H15: 50
B16: =_xlfn.TEXTJOIN(",",TRUE,IF(LEFT(Regions!$C$3,1)<>"*",Regions!$C$3,""),IF(LEFT(Regions!$D$3,1)<>"*",Regions!$D$3,"")) -> IE,National | C16: =Processes!D30 -> FT-INDELC | D16: =Processes!E30 -> Fuel Tech - Electricity (IND) | E16: ELCD | F16: =Commodities!D19 -> INDELC | G16: 1 | H16: 50
B17: =_xlfn.TEXTJOIN(",",TRUE,IF(LEFT(Regions!$C$3,1)<>"*",Regions!$C$3,""),IF(LEFT(Regions!$D$3,1)<>"*",Regions!$D$3,"")) -> IE,National | C17: =Processes!D31 -> FT-INDBGS | D17: =Processes!E31 -> Fuel Tech - Biogas (IND) | E17: BIOGAS1G,BIOGAS2G | F17: =Commodities!D20 -> INDBGS | G17: 1 | H17: 50
B18: =_xlfn.TEXTJOIN(",",TRUE,IF(LEFT(Regions!$C$3,1)<>"*",Regions!$C$3,""),IF(LEFT(Regions!$D$3,1)<>"*",Regions!$D$3,"")) -> IE,National | C18: =Processes!D32 -> FT-INDBIO | D18: =Processes!E32 -> Fuel Tech - Biomass (IND) | E18: BIOWPE,BIOWCH,BIOWOO,BIOWOO1,BIOINDF | F18: =Commodities!D21 -> INDBIO | G18: 1 | H18: 50
B19: =_xlfn.TEXTJOIN(",",TRUE,IF(LEFT(Regions!$C$3,1)<>"*",Regions!$C$3,""),IF(LEFT(Regions!$D$3,1)<>"*",Regions!$D$3,"")) -> IE,National | C19: =Processes!D33 -> FT-INDRWS | D19: =Processes!E33 -> Fuel Tech - Renewable waste (IND) | E19: BIOWOO2,BIOMSW1,BIOMUN | F19: =Commodities!D22 -> INDRWS | G19: 1 | H19: 50
B20: =_xlfn.TEXTJOIN(",",TRUE,IF(LEFT(Regions!$C$3,1)<>"*",Regions!$C$3,""),IF(LEFT(Regions!$D$3,1)<>"*",Regions!$D$3,"")) -> IE,National | C20: =Processes!D34 -> FT-INDNWS | D20: =Processes!E34 -> Fuel Tech - Non-renewable waste (IND) | E20: WASTE | F20: =Commodities!D23 -> INDNWS | G20: 1 | H20: 50
B21: =_xlfn.TEXTJOIN(",",TRUE,IF(LEFT(Regions!$C$3,1)<>"*",Regions!$C$3,""),IF(LEFT(Regions!$D$3,1)<>"*",Regions!$D$3,"")) -> IE,National | C21: =Processes!D35 -> FT-INDH2G | D21: =Processes!E35 -> Fuel Tech - Hydrogen gaseous (IND) | E21: SUPH2GC, SUPH2GD | F21: =Commodities!D24 -> INDH2G | G21: 1 | H21: 50
B22: =_xlfn.TEXTJOIN(",",TRUE,IF(LEFT(Regions!$C$3,1)<>"*",Regions!$C$3,""),IF(LEFT(Regions!$D$3,1)<>"*",Regions!$D$3,"")) -> IE,National | C22: =Processes!D36 -> FT-INDH2L | D22: =Processes!E36 -> Fuel Tech - Hydrogen liquid (IND) | E22: SUPH2LC, SUPH2LD | F22: =Commodities!D25 -> INDH2L | G22: 1 | H22: 50
B23: =_xlfn.TEXTJOIN(",",TRUE,IF(LEFT(Regions!$C$3,1)<>"*",Regions!$C$3,""),IF(LEFT(Regions!$D$3,1)<>"*",Regions!$D$3,"")) -> IE,National | C23: =+Processes!D27 -> FT-INDWOO | D23: =+Processes!E27 -> Fuel Tech - Solid biomass (IND) | E23: BIOWPE,BIOWCH,BIOWOO,BIOWOO1 | F23: =+Commodities!D12 -> INDWOO | G23: 1 | H23: 50
B24: =_xlfn.TEXTJOIN(",",TRUE,IF(LEFT(Regions!$C$3,1)<>"*",Regions!$C$3,""),IF(LEFT(Regions!$D$3,1)<>"*",Regions!$D$3,"")) -> IE,National | C24: =Processes!D141 -> MIN-WASTE | F24: =+E20 -> WASTE | G24: 1 | K24: 10

Sheet DMD
F2: ~FI_T
B3: Region | C3: TechName | D3: *TechDesc | E3: Comm-IN | F3: Comm-OUT | G3: EFF | H3: NCAP_TLIFE | I3: SHARE-I~UP~2018 | J3: *SHARE-I~UP~2019 | K3: *SHARE-I~UP~2020 | L3: ENV_ACT~INDCO2P | M3: SHARE-I~UP~0
B4: *Region Name | C4: Technology Name | D4: Technology Description | E4: Input Commodity | F4: Output Commodity | G4: Efficiency | H4: Lifetime | I4: Input Share | M4: Input Share
B5: *Units | H5: Years | M5: I/E rule
B6: =_xlfn.TEXTJOIN(",",TRUE,IF(LEFT(Regions!$C$3,1)<>"*",Regions!$C$3,""),IF(LEFT(Regions!$D$3,1)<>"*",Regions!$D$3,"")) -> IE,National | C6: ="I-DMD-"&R6&"-E0" -> I-DMD-CEM-E0 | D6: =Processes!E5 -> Cement industry demand process | F6: =Commodities!D27 -> ICEM | G6: 1 | H6: 50 | L6: =+EMI!K28 -> 197.87212 | Q6: Cement | R6: CEM
E7: =RIGHT(F6,3)&"HTH" -> CEMHTH | I7: =VLOOKUP(O7,NRG_shares!$R$196:$W$204,DMD!P7,FALSE) -> 0.96935376 | M7: 5 | O7: Cement | P7: 3 | Q7: Chemicals | R7: CAF
E8: =RIGHT(F6,3)&"MTH" -> CEMMTH | I8: =VLOOKUP(O8,NRG_shares!$R$196:$W$204,DMD!P8,FALSE) -> 0.030646236 | M8: 5 | O8: Cement | P8: 4 | Q8: Food and Drink | R8: FAP
B9: \I: | E9: =RIGHT(F6,3)&"LTH" -> CEMLTH | I9: =VLOOKUP(O9,NRG_shares!$R$196:$W$204,DMD!P9,FALSE) -> 0 | M9: 5 | O9: Cement | P9: 5 | Q9: Lime | R9: LIM
B10: \I: | E10: =RIGHT(F6,3)&"HET" -> CEMHET | I10: =VLOOKUP(O10,NRG_shares!$R$196:$W$204,DMD!P10,FALSE) -> 0 | M10: 5 | O10: Cement | P10: 6 | Q10: Metals | R10: MAP
B11: =_xlfn.TEXTJOIN(",",TRUE,IF(LEFT(Regions!$C$3,1)<>"*",Regions!$C$3,""),IF(LEFT(Regions!$D$3,1)<>"*",Regions!$D$3,"")) -> IE,National | C11: ="I-DMD-"&R7&"-E0" -> I-DMD-CAF-E0 | D11: =Processes!E6 -> Chemicals industry demand process | F11: =Commodities!D28 -> ICAF | G11: 1 | H11: 50 | Q11: Other Industry | R11: OMA
B12: \I: | E12: =RIGHT(F11,3)&"HTH" -> CAFHTH | I12: =VLOOKUP(O12,NRG_shares!$R$196:$W$204,DMD!P12,FALSE) -> 0 | M12: 5 | O12: Chemicals | P12: 3 | Q12: Other Minerals | R12: ONM
E13: =RIGHT(F11,3)&"MTH" -> CAFMTH | I13: =VLOOKUP(O13,NRG_shares!$R$196:$W$204,DMD!P13,FALSE) -> 0.29754119 | M13: 5 | O13: Chemicals | P13: 4 | Q13: Refining | R13: REF
E14: =RIGHT(F11,3)&"LTH" -> CAFLTH | I14: =VLOOKUP(O14,NRG_shares!$R$196:$W$204,DMD!P14,FALSE) -> 0.56606521 | M14: 5 | O14: Chemicals | P14: 5 | Q14: Wood Products | R14: WAP
E15: =RIGHT(F11,3)&"HET" -> CAFHET | I15: =VLOOKUP(O15,NRG_shares!$R$196:$W$204,DMD!P15,FALSE) -> 0.1363936 | M15: 5 | O15: Chemicals | P15: 6
B16: =_xlfn.TEXTJOIN(",",TRUE,IF(LEFT(Regions!$C$3,1)<>"*",Regions!$C$3,""),IF(LEFT(Regions!$D$3,1)<>"*",Regions!$D$3,"")) -> IE,National | C16: ="I-DMD-"&R8&"-E0" -> I-DMD-FAP-E0 | D16: =Processes!E7 -> Food and Drink demand process | F16: =Commodities!D29 -> IFAP | G16: 1 | H16: 50
B17: \I: | E17: =RIGHT(F16,3)&"HTH" -> FAPHTH | I17: =VLOOKUP(O17,NRG_shares!$R$196:$W$204,DMD!P17,FALSE) -> 0 | M17: 5 | O17: Food and Drink | P17: 3
E18: =RIGHT(F16,3)&"MTH" -> FAPMTH | I18: =VLOOKUP(O18,NRG_shares!$R$196:$W$204,DMD!P18,FALSE) -> 0.17739819 | M18: 5 | O18: Food and Drink | P18: 4
E19: =RIGHT(F16,3)&"LTH" -> FAPLTH | I19: =VLOOKUP(O19,NRG_shares!$R$196:$W$204,DMD!P19,FALSE) -> 0.59622478 | M19: 5 | O19: Food and Drink | P19: 5
E20: =RIGHT(F16,3)&"HET" -> FAPHET | I20: =VLOOKUP(O20,NRG_shares!$R$196:$W$204,DMD!P20,FALSE) -> 0.22637704 | M20: 5 | O20: Food and Drink | P20: 6
B21: =_xlfn.TEXTJOIN(",",TRUE,IF(LEFT(Regions!$C$3,1)<>"*",Regions!$C$3,""),IF(LEFT(Regions!$D$3,1)<>"*",Regions!$D$3,"")) -> IE,National | C21: ="I-DMD-"&R9&"-E0" -> I-DMD-LIM-E0 | D21: =Processes!E8 -> Lime demand process | F21: =Commodities!D30 -> ILIM | G21: 1 | H21: 50
E22: =RIGHT(F21,3)&"HTH" -> LIMHTH | I22: =VLOOKUP(O22,NRG_shares!$R$196:$W$204,DMD!P22,FALSE) -> 1 | M22: 5 | O22: Lime | P22: 3
B23: \I: | E23: =RIGHT(F21,3)&"MTH" -> LIMMTH | I23: =VLOOKUP(O23,NRG_shares!$R$196:$W$204,DMD!P23,FALSE) -> 0 | M23: 5 | O23: Lime | P23: 4
B24: \I: | E24: =RIGHT(F21,3)&"LTH" -> LIMLTH | I24: =VLOOKUP(O24,NRG_shares!$R$196:$W$204,DMD!P24,FALSE) -> 0 | M24: 5 | O24: Lime | P24: 5
B25: \I: | E25: =RIGHT(F21,3)&"HET" -> LIMHET | I25: =VLOOKUP(O25,NRG_shares!$R$196:$W$204,DMD!P25,FALSE) -> 0 | M25: 5 | O25: Lime | P25: 6
B26: =_xlfn.TEXTJOIN(",",TRUE,IF(LEFT(Regions!$C$3,1)<>"*",Regions!$C$3,""),IF(LEFT(Regions!$D$3,1)<>"*",Regions!$D$3,"")) -> IE,National | C26: ="I-DMD-"&R10&"-E0" -> I-DMD-MAP-E0 | D26: =Processes!E9 -> Metals demand process | F26: =Commodities!D31 -> IMAP | G26: 1 | H26: 50
E27: =RIGHT(F26,3)&"HTH" -> MAPHTH | I27: =VLOOKUP(O27,NRG_shares!$R$196:$W$204,DMD!P27,FALSE) -> 0.25515793 | M27: 5 | O27: Metals | P27: 3
E28: =RIGHT(F26,3)&"MTH" -> MAPMTH | I28: =VLOOKUP(O28,NRG_shares!$R$196:$W$204,DMD!P28,FALSE) -> 0.74484207 | M28: 5 | O28: Metals | P28: 4
B29: \I: | E29: =RIGHT(F26,3)&"LTH" -> MAPLTH | I29: =VLOOKUP(O29,NRG_shares!$R$196:$W$204,DMD!P29,FALSE) -> 0 | M29: 5 | O29: Metals | P29: 5
B30: \I: | E30: =RIGHT(F26,3)&"HET" -> MAPHET | I30: =VLOOKUP(O30,NRG_shares!$R$196:$W$204,DMD!P30,FALSE) -> 0 | M30: 5 | O30: Metals | P30: 6
B31: =_xlfn.TEXTJOIN(",",TRUE,IF(LEFT(Regions!$C$3,1)<>"*",Regions!$C$3,""),IF(LEFT(Regions!$D$3,1)<>"*",Regions!$D$3,"")) -> IE,National | C31: ="I-DMD-"&R11&"-E0" -> I-DMD-OMA-E0 | D31: =Processes!E10 -> Other Industry demand process | F31: =Commodities!D32 -> IOMA | G31: 1 | H31: 50
E32: =RIGHT(F31,3)&"HTH" -> OMAHTH | I32: =VLOOKUP(O32,NRG_shares!$R$196:$W$204,DMD!P32,FALSE) -> 0.034765579 | M32: 5 | O32: Other Industry | P32: 3
B33: \I: | E33: =RIGHT(F31,3)&"MTH" -> OMAMTH | I33: =VLOOKUP(O33,NRG_shares!$R$196:$W$204,DMD!P33,FALSE) -> 0 | M33: 5 | O33: Other Industry | P33: 4
E34: =RIGHT(F31,3)&"LTH" -> OMALTH | I34: =VLOOKUP(O34,NRG_shares!$R$196:$W$204,DMD!P34,FALSE) -> 0.70864455 | M34: 5 | O34: Other Industry | P34: 5
E35: =RIGHT(F31,3)&"HET" -> OMAHET | I35: =VLOOKUP(O35,NRG_shares!$R$196:$W$204,DMD!P35,FALSE) -> 0.25658987 | M35: 5 | O35: Other Industry | P35: 6
B36: =_xlfn.TEXTJOIN(",",TRUE,IF(LEFT(Regions!$C$3,1)<>"*",Regions!$C$3,""),IF(LEFT(Regions!$D$3,1)<>"*",Regions!$D$3,"")) -> IE,National | C36: ="I-DMD-"&R12&"-E0" -> I-DMD-ONM-E0 | D36: =Processes!E11 -> Other non-metallic minerals process | F36: =Commodities!D33 -> IONM | G36: 1 | H36: 50
E37: =RIGHT(F36,3)&"HTH" -> ONMHTH | I37: =VLOOKUP(O37,NRG_shares!$R$196:$W$204,DMD!P37,FALSE) -> 0.16901133 | M37: 5 | O37: Other Minerals | P37: 3
E38: =RIGHT(F36,3)&"MTH" -> ONMMTH | I38: =VLOOKUP(O38,NRG_shares!$R$196:$W$204,DMD!P38,FALSE) -> 0.4294553 | M38: 5 | O38: Other Minerals | P38: 4
E39: =RIGHT(F36,3)&"LTH" -> ONMLTH | I39: =VLOOKUP(O39,NRG_shares!$R$196:$W$204,DMD!P39,FALSE) -> 0.40153337 | M39: 5 | O39: Other Minerals | P39: 5
B40: \I: | E40: =RIGHT(F36,3)&"HET" -> ONMHET | I40: =VLOOKUP(O40,NRG_shares!$R$196:$W$204,DMD!P40,FALSE) -> 0 | M40: 5 | O40: Other Minerals | P40: 6
B41: =_xlfn.TEXTJOIN(",",TRUE,IF(LEFT(Regions!$C$3,1)<>"*",Regions!$C$3,""),IF(LEFT(Regions!$D$3,1)<>"*",Regions!$D$3,"")) -> IE,National | C41: ="I-DMD-"&R14&"-E0" -> I-DMD-WAP-E0 | D41: =Processes!E13 -> Wood Products demand process | F41: =Commodities!D35 -> IWAP | G41: 1 | H41: 50
B42: \I: | E42: =RIGHT(F41,3)&"HTH" -> WAPHTH | I42: =VLOOKUP(O42,NRG_shares!$R$196:$W$204,DMD!P42,FALSE) -> 0 | M42: 5 | O42: Wood Products | P42: 3
B43: \I: | E43: =RIGHT(F41,3)&"MTH" -> WAPMTH | I43: =VLOOKUP(O43,NRG_shares!$R$196:$W$204,DMD!P43,FALSE) -> 0 | M43: 5 | O43: Wood Products | P43: 4
E44: =RIGHT(F41,3)&"LTH" -> WAPLTH | I44: =VLOOKUP(O44,NRG_shares!$R$196:$W$204,DMD!P44,FALSE) -> 1 | M44: 5 | O44: Wood Products | P44: 5
B45: \I: | E45: =RIGHT(F41,3)&"HET" -> WAPHET | I45: =VLOOKUP(O45,NRG_shares!$R$196:$W$204,DMD!P45,FALSE) -> 0 | M45: 5 | O45: Wood Products | P45: 6
B46: =_xlfn.TEXTJOIN(",",TRUE,IF(LEFT(Regions!$C$3,1)<>"*",Regions!$C$3,""),IF(LEFT(Regions!$D$3,1)<>"*",Regions!$D$3,"")) -> IE,National | C46: =Processes!D14 -> I-DMD-ELC-E0 | D46: =Processes!E14 -> Electricity consumption industry process | E46: INDELC | F46: =Commodities!D36 -> IELC | G46: 1 | H46: 50
B47: =_xlfn.TEXTJOIN(",",TRUE,IF(LEFT(Regions!$C$3,1)<>"*",Regions!$C$3,""),IF(LEFT(Regions!$D$3,1)<>"*",Regions!$D$3,"")) -> IE,National | C47: =Processes!D15 -> I-DMD-OIL-E0 | D47: =Processes!E15 -> Residual oil consumption industry process | E47: INDOIl | F47: =Commodities!D37 -> IOIL | G47: 1 | H47: 50

Sheet Techs
Q1: Empty column
X2: For definition of processes and commoditites
E3: ~FI_T | T3: ~FI_T
B4: TechName | C4: *TechDesc | D4: Comm-IN | E4: Comm-OUT | F4: EFF | G4: LIFE | H4: Stock | I4: CAP2ACT | J4: CF | K4: *SHARE-O~UP~INDHTH | L4: *SHARE-O~UP~INDMTH | M4: *SHARE-O~UP~INDLTH | N4: *SHARE-O~UP~INDHET | O4: *SHARE-O~UP~0 | P4: *Output | R4: TechName | S4: Attribute | T4: Commodity | U4: 2018 | V4: 0
B5: *Technology Name | C5: Technology Description | D5: Input Commodity | E5: Output Commodity | F5: Efficiency | G5: Lifetime | H5: Input Share | I5: Capacity unit | J5: Availability | K5: Output share of heat temperature | L5: Output share of heat temperature | M5: Output share of heat temperature | N5: Output share of heat temperature | O5: Output share of heat temperature | P5: *Calibration | R5: *Technology Name | S5: Attribute | T5: Commodity name | U5: 2018 | AE5: Sector | AF5: Code
B6: ="I-"&VLOOKUP(Y6,$AE$6:$AF$71,2,FALSE)&"-"&VLOOKUP(AA6,$AE$6:$AF$71,2,FALSE)&"-"&VLOOKUP(AB6,$AE$6:$AF$71,2,FALSE)&"-"&VLOOKUP(Z6,$AE$6:$AF$71,2,FALSE)&"_E0" -> I-CEM-KLN-NWS-ETS_E0 | C6: =_xlfn.TEXTJOIN(" - ",TRUE,X6,Y6,AA6,AB6,Z6) -> Industry - Cement - Cement/Lime Kiln - Non-bio waste - ETS | D6: =VLOOKUP(AB6,$AE$64:$AG$69,3,FALSE) -> INDNWS | E6: =VLOOKUP(Y6,$AE$6:$AF$71,2,FALSE)&"HTH,"&VLOOKUP(Y6,$AE$6:$AF$71,2,FALSE)&"MTH,"&VLOOKUP(Y6,$AE$6:$AF$71,2,FALSE)&"LTH,"&VLOOKUP(Y6,$AE$6:$AF$71,2,FALSE)&"HET" -> CEMHTH,CEMMTH,CEMLTH,CEMHET | F6: =+NRG_shares!V4 -> 0.9 | G6: 25 | H6: =IF(P6/I6/J6*1.075<0.001,0,P6/I6/J6*1.075) -> 0.078039571 | I6: 31.536 | J6: 0.9 | K6: =+SUMIFS(NRG_shares!W$113:W$141,NRG_shares!$T$113:$T$141,Techs!$Y6,NRG_shares!$U$113:$U$141,Techs!$AA6) -> 1 | L6: =+SUMIFS(NRG_shares!X$113:X$141,NRG_shares!$T$113:$T$141,Techs!$Y6,NRG_shares!$U$113:$U$141,Techs!$AA6) -> 0 | M6: =+SUMIFS(NRG_shares!Y$113:Y$141,NRG_shares!$T$113:$T$141,Techs!$Y6,NRG_shares!$U$113:$U$141,Techs!$AA6) -> 0 | N6: =+SUMIFS(NRG_shares!Z$113:Z$141,NRG_shares!$T$113:$T$141,Techs!$Y6,NRG_shares!$U$113:$U$141,Techs!$AA6) -> 0 | O6: 3 | P6: =NRG_shares!J4*NRG_shares!O4*Conversions!$B$3 -> 2.0604189 | R6: {=_xlfn.TOCOL(AM6:AP109,0,FALSE)} -> I-CEM-KLN-NWS-ETS_E0 | S6: Share-O | T6: {=_xlfn.TOCOL(AH6:AK109,0,FALSE)} -> CEMHTH | U6: {=_xlfn.TOCOL(K6:N109,0,FALSE)} -> 1 | V6: 3 | X6: Industry | Y6: Cement | Z6: ETS | AA6: Cement/Lime Kiln | AB6: Non-bio waste | AE6: Cement | AF6: CEM | AH6: CEMHTH | AI6: CEMMTH | AJ6: CEMLTH | AK6: CEMHET | AM6: =+B6 -> I-CEM-KLN-NWS-ETS_E0 | AN6: =+AM6 -> I-CEM-KLN-NWS-ETS_E0 | AO6: =+AN6 -> I-CEM-KLN-NWS-ETS_E0 | AP6: =+AO6 -> I-CEM-KLN-NWS-ETS_E0
B7: ="I-"&VLOOKUP(Y7,$AE$6:$AF$71,2,FALSE)&"-"&VLOOKUP(AA7,$AE$6:$AF$71,2,FALSE)&"-"&VLOOKUP(AB7,$AE$6:$AF$71,2,FALSE)&"-"&VLOOKUP(Z7,$AE$6:$AF$71,2,FALSE)&"_E0" -> I-CEM-DRR-NWS-ETS_E0 | C7: =_xlfn.TEXTJOIN(" - ",TRUE,X7,Y7,AA7,AB7,Z7) -> Industry - Cement - Dryer - Non-bio waste - ETS | D7: =VLOOKUP(AB7,$AE$64:$AG$69,3,FALSE) -> INDNWS | E7: =VLOOKUP(Y7,$AE$6:$AF$71,2,FALSE)&"HTH,"&VLOOKUP(Y7,$AE$6:$AF$71,2,FALSE)&"MTH,"&VLOOKUP(Y7,$AE$6:$AF$71,2,FALSE)&"LTH,"&VLOOKUP(Y7,$AE$6:$AF$71,2,FALSE)&"HET" -> CEMHTH,CEMMTH,CEMLTH,CEMHET | F7: =+NRG_shares!V5 -> 0.92 | G7: 25 | H7: =IF(P7/I7/J7*1.075<0.001,0,P7/I7/J7*1.075) -> 0.0024672304 | I7: 31.536 | J7: 0.9 | K7: =+SUMIFS(NRG_shares!W$113:W$141,NRG_shares!$T$113:$T$141,Techs!$Y7,NRG_shares!$U$113:$U$141,Techs!$AA7) -> 0 | L7: =+SUMIFS(NRG_shares!X$113:X$141,NRG_shares!$T$113:$T$141,Techs!$Y7,NRG_shares!$U$113:$U$141,Techs!$AA7) -> 1 | M7: =+SUMIFS(NRG_shares!Y$113:Y$141,NRG_shares!$T$113:$T$141,Techs!$Y7,NRG_shares!$U$113:$U$141,Techs!$AA7) -> 0 | N7: =+SUMIFS(NRG_shares!Z$113:Z$141,NRG_shares!$T$113:$T$141,Techs!$Y7,NRG_shares!$U$113:$U$141,Techs!$AA7) -> 0 | O7: 3 | P7: =NRG_shares!J5*NRG_shares!O5*Conversions!$B$3 -> 0.065140391 | R7: I-CEM-KLN-NWS-ETS_E0 | S7: Share-O | T7: CEMMTH | U7: 0 | V7: 3 | X7: Industry | Y7: Cement | Z7: ETS | AA7: Dryer | AB7: Non-bio waste | AE7: Cement | AF7: CEM | AH7: CEMHTH | AI7: CEMMTH | AJ7: CEMLTH | AK7: CEMHET | AM7: =+B7 -> I-CEM-DRR-NWS-ETS_E0 | AN7: =+AM7 -> I-CEM-DRR-NWS-ETS_E0 | AO7: =+AN7 -> I-CEM-DRR-NWS-ETS_E0 | AP7: =+AO7 -> I-CEM-DRR-NWS-ETS_E0
B8: ="I-"&VLOOKUP(Y8,$AE$6:$AF$71,2,FALSE)&"-"&VLOOKUP(AA8,$AE$6:$AF$71,2,FALSE)&"-"&VLOOKUP(AB8,$AE$6:$AF$71,2,FALSE)&"-"&VLOOKUP(Z8,$AE$6:$AF$71,2,FALSE)&"_E0" -> I-CEM-KLN-RWS-ETS_E0 | C8: =_xlfn.TEXTJOIN(" - ",TRUE,X8,Y8,AA8,AB8,Z8) -> Industry - Cement - Cement/Lime Kiln - Bio waste - ETS | D8: =VLOOKUP(AB8,$AE$64:$AG$69,3,FALSE) -> INDRWS | E8: =VLOOKUP(Y8,$AE$6:$AF$71,2,FALSE)&"HTH,"&VLOOKUP(Y8,$AE$6:$AF$71,2,FALSE)&"MTH,"&VLOOKUP(Y8,$AE$6:$AF$71,2,FALSE)&"LTH,"&VLOOKUP(Y8,$AE$6:$AF$71,2,FALSE)&"HET" -> CEMHTH,CEMMTH,CEMLTH,CEMHET | F8: =+NRG_shares!V6 -> 0.9 | G8: 25 | H8: =IF(P8/I8/J8*1.075<0.001,0,P8/I8/J8*1.075) -> 0.055920673 | I8: 31.536 | J8: 0.9 | K8: =+SUMIFS(NRG_shares!W$113:W$141,NRG_shares!$T$113:$T$141,Techs!$Y8,NRG_shares!$U$113:$U$141,Techs!$AA8) -> 1 | L8: =+SUMIFS(NRG_shares!X$113:X$141,NRG_shares!$T$113:$T$141,Techs!$Y8,NRG_shares!$U$113:$U$141,Techs!$AA8) -> 0 | M8: =+SUMIFS(NRG_shares!Y$113:Y$141,NRG_shares!$T$113:$T$141,Techs!$Y8,NRG_shares!$U$113:$U$141,Techs!$AA8) -> 0 | N8: =+SUMIFS(NRG_shares!Z$113:Z$141,NRG_shares!$T$113:$T$141,Techs!$Y8,NRG_shares!$U$113:$U$141,Techs!$AA8) -> 0 | O8: 3 | P8: =NRG_shares!J6*NRG_shares!O6*Conversions!$B$3 -> 1.4764306 | R8: I-CEM-KLN-NWS-ETS_E0 | S8: Share-O | T8: CEMLTH | U8: 0 | V8: 3 | X8: Industry | Y8: Cement | Z8: ETS | AA8: Cement/Lime Kiln | AB8: Bio waste | AE8: Chemicals | AF8: CAF | AH8: CEMHTH | AI8: CEMMTH | AJ8: CEMLTH | AK8: CEMHET | AM8: =+B8 -> I-CEM-KLN-RWS-ETS_E0 | AN8: =+AM8 -> I-CEM-KLN-RWS-ETS_E0 | AO8: =+AN8 -> I-CEM-KLN-RWS-ETS_E0 | AP8: =+AO8 -> I-CEM-KLN-RWS-ETS_E0
B9: ="I-"&VLOOKUP(Y9,$AE$6:$AF$71,2,FALSE)&"-"&VLOOKUP(AA9,$AE$6:$AF$71,2,FALSE)&"-"&VLOOKUP(AB9,$AE$6:$AF$71,2,FALSE)&"-"&VLOOKUP(Z9,$AE$6:$AF$71,2,FALSE)&"_E0" -> I-CEM-DRR-RWS-ETS_E0 | C9: =_xlfn.TEXTJOIN(" - ",TRUE,X9,Y9,AA9,AB9,Z9) -> Industry - Cement - Dryer - Bio waste - ETS | D9: =VLOOKUP(AB9,$AE$64:$AG$69,3,FALSE) -> INDRWS | E9: =VLOOKUP(Y9,$AE$6:$AF$71,2,FALSE)&"HTH,"&VLOOKUP(Y9,$AE$6:$AF$71,2,FALSE)&"MTH,"&VLOOKUP(Y9,$AE$6:$AF$71,2,FALSE)&"LTH,"&VLOOKUP(Y9,$AE$6:$AF$71,2,FALSE)&"HET" -> CEMHTH,CEMMTH,CEMLTH,CEMHET | F9: =+NRG_shares!V7 -> 0.92 | G9: 25 | H9: =IF(P9/I9/J9*1.075<0.001,0,P9/I9/J9*1.075) -> 0.0017679388 | I9: 31.536 | J9: 0.9 | K9: =+SUMIFS(NRG_shares!W$113:W$141,NRG_shares!$T$113:$T$141,Techs!$Y9,NRG_shares!$U$113:$U$141,Techs!$AA9) -> 0 | L9: =+SUMIFS(NRG_shares!X$113:X$141,NRG_shares!$T$113:$T$141,Techs!$Y9,NRG_shares!$U$113:$U$141,Techs!$AA9) -> 1 | M9: =+SUMIFS(NRG_shares!Y$113:Y$141,NRG_shares!$T$113:$T$141,Techs!$Y9,NRG_shares!$U$113:$U$141,Techs!$AA9) -> 0 | N9: =+SUMIFS(NRG_shares!Z$113:Z$141,NRG_shares!$T$113:$T$141,Techs!$Y9,NRG_shares!$U$113:$U$141,Techs!$AA9) -> 0 | O9: 3 | P9: =NRG_shares!J7*NRG_shares!O7*Conversions!$B$3 -> 0.046677531 | R9: I-CEM-KLN-NWS-ETS_E0 | S9: Share-O | T9: CEMHET | U9: 0 | V9: 3 | X9: Industry | Y9: Cement | Z9: ETS | AA9: Dryer | AB9: Bio waste | AE9: Chemicals | AF9: CAF | AH9: CEMHTH | AI9: CEMMTH | AJ9: CEMLTH | AK9: CEMHET | AM9: =+B9 -> I-CEM-DRR-RWS-ETS_E0 | AN9: =+AM9 -> I-CEM-DRR-RWS-ETS_E0 | AO9: =+AN9 -> I-CEM-DRR-RWS-ETS_E0 | AP9: =+AO9 -> I-CEM-DRR-RWS-ETS_E0
B10: ="I-"&VLOOKUP(Y10,$AE$6:$AF$71,2,FALSE)&"-"&VLOOKUP(AA10,$AE$6:$AF$71,2,FALSE)&"-"&VLOOKUP(AB10,$AE$6:$AF$71,2,FALSE)&"-"&VLOOKUP(Z10,$AE$6:$AF$71,2,FALSE)&"_E0" -> I-CEM-KLN-COA-ETS_E0 | C10: =_xlfn.TEXTJOIN(" - ",TRUE,X10,Y10,AA10,AB10,Z10) -> Industry - Cement - Cement/Lime Kiln - Solid Fuels - ETS | D10: =VLOOKUP(AB10,$AE$64:$AG$69,3,FALSE) -> INDCOA,INDCOK | E10: =VLOOKUP(Y10,$AE$6:$AF$71,2,FALSE)&"HTH,"&VLOOKUP(Y10,$AE$6:$AF$71,2,FALSE)&"MTH,"&VLOOKUP(Y10,$AE$6:$AF$71,2,FALSE)&"LTH,"&VLOOKUP(Y10,$AE$6:$AF$71,2,FALSE)&"HET" -> CEMHTH,CEMMTH,CEMLTH,CEMHET | F10: =+NRG_shares!V8 -> 0.9 | G10: 25 | H10: =IF(P10/I10/J10*1.075<0.001,0,P10/I10/J10*1.075) -> 0.24523579 | I10: 31.536 | J10: 0.9 | K10: =+SUMIFS(NRG_shares!W$113:W$141,NRG_shares!$T$113:$T$141,Techs!$Y10,NRG_shares!$U$113:$U$141,Techs!$AA10) -> 1 | L10: =+SUMIFS(NRG_shares!X$113:X$141,NRG_shares!$T$113:$T$141,Techs!$Y10,NRG_shares!$U$113:$U$141,Techs!$AA10) -> 0 | M10: =+SUMIFS(NRG_shares!Y$113:Y$141,NRG_shares!$T$113:$T$141,Techs!$Y10,NRG_shares!$U$113:$U$141,Techs!$AA10) -> 0 | N10: =+SUMIFS(NRG_shares!Z$113:Z$141,NRG_shares!$T$113:$T$141,Techs!$Y10,NRG_shares!$U$113:$U$141,Techs!$AA10) -> 0 | O10: 3 | P10: =NRG_shares!J8*NRG_shares!O8*Conversions!$B$3 -> 6.4747724 | R10: I-CEM-DRR-NWS-ETS_E0 | S10: Share-O | T10: CEMHTH | U10: 0 | V10: 3 | X10: Industry | Y10: Cement | Z10: ETS | AA10: Cement/Lime Kiln | AB10: Solid Fuels | AE10: Chemicals | AF10: CAF | AH10: CEMHTH | AI10: CEMMTH | AJ10: CEMLTH | AK10: CEMHET | AM10: =+B10 -> I-CEM-KLN-COA-ETS_E0 | AN10: =+AM10 -> I-CEM-KLN-COA-ETS_E0 | AO10: =+AN10 -> I-CEM-KLN-COA-ETS_E0 | AP10: =+AO10 -> I-CEM-KLN-COA-ETS_E0
B11: ="I-"&VLOOKUP(Y11,$AE$6:$AF$71,2,FALSE)&"-"&VLOOKUP(AA11,$AE$6:$AF$71,2,FALSE)&"-"&VLOOKUP(AB11,$AE$6:$AF$71,2,FALSE)&"-"&VLOOKUP(Z11,$AE$6:$AF$71,2,FALSE)&"_E0" -> I-CEM-DRR-COA-ETS_E0 | C11: =_xlfn.TEXTJOIN(" - ",TRUE,X11,Y11,AA11,AB11,Z11) -> Industry - Cement - Dryer - Solid Fuels - ETS | D11: =VLOOKUP(AB11,$AE$64:$AG$69,3,FALSE) -> INDCOA,INDCOK | E11: =VLOOKUP(Y11,$AE$6:$AF$71,2,FALSE)&"HTH,"&VLOOKUP(Y11,$AE$6:$AF$71,2,FALSE)&"MTH,"&VLOOKUP(Y11,$AE$6:$AF$71,2,FALSE)&"LTH,"&VLOOKUP(Y11,$AE$6:$AF$71,2,FALSE)&"HET" -> CEMHTH,CEMMTH,CEMLTH,CEMHET | F11: =+NRG_shares!V9 -> 0.92 | G11: 25 | H11: =IF(P11/I11/J11*1.075<0.001,0,P11/I11/J11*1.075) -> 0.0077531591 | I11: 31.536 | J11: 0.9 | K11: =+SUMIFS(NRG_shares!W$113:W$141,NRG_shares!$T$113:$T$141,Techs!$Y11,NRG_shares!$U$113:$U$141,Techs!$AA11) -> 0 | L11: =+SUMIFS(NRG_shares!X$113:X$141,NRG_shares!$T$113:$T$141,Techs!$Y11,NRG_shares!$U$113:$U$141,Techs!$AA11) -> 1 | M11: =+SUMIFS(NRG_shares!Y$113:Y$141,NRG_shares!$T$113:$T$141,Techs!$Y11,NRG_shares!$U$113:$U$141,Techs!$AA11) -> 0 | N11: =+SUMIFS(NRG_shares!Z$113:Z$141,NRG_shares!$T$113:$T$141,Techs!$Y11,NRG_shares!$U$113:$U$141,Techs!$AA11) -> 0 | O11: 3 | P11: =NRG_shares!J9*NRG_shares!O9*Conversions!$B$3 -> 0.20470071 | R11: I-CEM-DRR-NWS-ETS_E0 | S11: Share-O | T11: CEMMTH | U11: 1 | V11: 3 | X11: Industry | Y11: Cement | Z11: ETS | AA11: Dryer | AB11: Solid Fuels | AE11: Chemicals | AF11: CAF | AH11: CEMHTH | AI11: CEMMTH | AJ11: CEMLTH | AK11: CEMHET | AM11: =+B11 -> I-CEM-DRR-COA-ETS_E0 | AN11: =+AM11 -> I-CEM-DRR-COA-ETS_E0 | AO11: =+AN11 -> I-CEM-DRR-COA-ETS_E0 | AP11: =+AO11 -> I-CEM-DRR-COA-ETS_E0
B12: ="I-"&VLOOKUP(Y12,$AE$6:$AF$71,2,FALSE)&"-"&VLOOKUP(AA12,$AE$6:$AF$71,2,FALSE)&"-"&VLOOKUP(AB12,$AE$6:$AF$71,2,FALSE)&"-"&VLOOKUP(Z12,$AE$6:$AF$71,2,FALSE)&"_E0" -> I-CEM-KLN-OIL-ETS_E0 | C12: =_xlfn.TEXTJOIN(" - ",TRUE,X12,Y12,AA12,AB12,Z12) -> Industry - Cement - Cement/Lime Kiln - Oil - ETS | D12: =VLOOKUP(AB12,$AE$64:$AG$69,3,FALSE) -> INDOIL | E12: =VLOOKUP(Y12,$AE$6:$AF$71,2,FALSE)&"HTH,"&VLOOKUP(Y12,$AE$6:$AF$71,2,FALSE)&"MTH,"&VLOOKUP(Y12,$AE$6:$AF$71,2,FALSE)&"LTH,"&VLOOKUP(Y12,$AE$6:$AF$71,2,FALSE)&"HET" -> CEMHTH,CEMMTH,CEMLTH,CEMHET | F12: =+NRG_shares!V10 -> 0.9 | G12: 25 | H12: =IF(P12/I12/J12*1.075<0.001,0,P12/I12/J12*1.075) -> 0.0030142186 | I12: 31.536 | J12: 0.9 | K12: =+SUMIFS(NRG_shares!W$113:W$141,NRG_shares!$T$113:$T$141,Techs!$Y12,NRG_shares!$U$113:$U$141,Techs!$AA12) -> 1 | L12: =+SUMIFS(NRG_shares!X$113:X$141,NRG_shares!$T$113:$T$141,Techs!$Y12,NRG_shares!$U$113:$U$141,Techs!$AA12) -> 0 | M12: =+SUMIFS(NRG_shares!Y$113:Y$141,NRG_shares!$T$113:$T$141,Techs!$Y12,NRG_shares!$U$113:$U$141,Techs!$AA12) -> 0 | N12: =+SUMIFS(NRG_shares!Z$113:Z$141,NRG_shares!$T$113:$T$141,Techs!$Y12,NRG_shares!$U$113:$U$141,Techs!$AA12) -> 0 | O12: 3 | P12: =NRG_shares!J10*NRG_shares!O10*Conversions!$B$3 -> 0.0795821 | R12: I-CEM-DRR-NWS-ETS_E0 | S12: Share-O | T12: CEMLTH | U12: 0 | V12: 3 | X12: Industry | Y12: Cement | Z12: ETS | AA12: Cement/Lime Kiln | AB12: Oil | AE12: Food and Drink | AF12: FAP | AH12: CEMHTH | AI12: CEMMTH | AJ12: CEMLTH | AK12: CEMHET | AM12: =+B12 -> I-CEM-KLN-OIL-ETS_E0 | AN12: =+AM12 -> I-CEM-KLN-OIL-ETS_E0 | AO12: =+AN12 -> I-CEM-KLN-OIL-ETS_E0 | AP12: =+AO12 -> I-CEM-KLN-OIL-ETS_E0
B13: ="I-"&VLOOKUP(Y13,$AE$6:$AF$71,2,FALSE)&"-"&VLOOKUP(AA13,$AE$6:$AF$71,2,FALSE)&"-"&VLOOKUP(AB13,$AE$6:$AF$71,2,FALSE)&"-"&VLOOKUP(Z13,$AE$6:$AF$71,2,FALSE)&"_E0" -> I-CEM-DRR-OIL-ETS_E0 | C13: =_xlfn.TEXTJOIN(" - ",TRUE,X13,Y13,AA13,AB13,Z13) -> Industry - Cement - Dryer - Oil - ETS | D13: =VLOOKUP(AB13,$AE$64:$AG$69,3,FALSE) -> INDOIL | E13: =VLOOKUP(Y13,$AE$6:$AF$71,2,FALSE)&"HTH,"&VLOOKUP(Y13,$AE$6:$AF$71,2,FALSE)&"MTH,"&VLOOKUP(Y13,$AE$6:$AF$71,2,FALSE)&"LTH,"&VLOOKUP(Y13,$AE$6:$AF$71,2,FALSE)&"HET" -> CEMHTH,CEMMTH,CEMLTH,CEMHET | F13: =+NRG_shares!V11 -> 0.92 | G13: 25 | H13: =IF(P13/I13/J13*1.075<0.001,0,P13/I13/J13*1.075) -> 0 | I13: 31.536 | J13: 0.9 | K13: =+SUMIFS(NRG_shares!W$113:W$141,NRG_shares!$T$113:$T$141,Techs!$Y13,NRG_shares!$U$113:$U$141,Techs!$AA13) -> 0 | L13: =+SUMIFS(NRG_shares!X$113:X$141,NRG_shares!$T$113:$T$141,Techs!$Y13,NRG_shares!$U$113:$U$141,Techs!$AA13) -> 1 | M13: =+SUMIFS(NRG_shares!Y$113:Y$141,NRG_shares!$T$113:$T$141,Techs!$Y13,NRG_shares!$U$113:$U$141,Techs!$AA13) -> 0 | N13: =+SUMIFS(NRG_shares!Z$113:Z$141,NRG_shares!$T$113:$T$141,Techs!$Y13,NRG_shares!$U$113:$U$141,Techs!$AA13) -> 0 | O13: 3 | P13: =NRG_shares!J11*NRG_shares!O11*Conversions!$B$3 -> 0.0025159977 | R13: I-CEM-DRR-NWS-ETS_E0 | S13: Share-O | T13: CEMHET | U13: 0 | V13: 3 | X13: Industry | Y13: Cement | Z13: ETS | AA13: Dryer | AB13: Oil | AE13: Food and Drink | AF13: FAP | AH13: CEMHTH | AI13: CEMMTH | AJ13: CEMLTH | AK13: CEMHET | AM13: =+B13 -> I-CEM-DRR-OIL-ETS_E0 | AN13: =+AM13 -> I-CEM-DRR-OIL-ETS_E0 | AO13: =+AN13 -> I-CEM-DRR-OIL-ETS_E0 | AP13: =+AO13 -> I-CEM-DRR-OIL-ETS_E0
B14: ="I-"&VLOOKUP(Y14,$AE$6:$AF$71,2,FALSE)&"-"&VLOOKUP(AA14,$AE$6:$AF$71,2,FALSE)&"-"&VLOOKUP(AB14,$AE$6:$AF$71,2,FALSE)&"-"&VLOOKUP(Z14,$AE$6:$AF$71,2,FALSE)&"_E0" -> I-CEM-KLN-GAS-ETS_E0 | C14: =_xlfn.TEXTJOIN(" - ",TRUE,X14,Y14,AA14,AB14,Z14) -> Industry - Cement - Cement/Lime Kiln - Gas - ETS | D14: =VLOOKUP(AB14,$AE$64:$AG$69,3,FALSE) -> INDGAS | E14: =VLOOKUP(Y14,$AE$6:$AF$71,2,FALSE)&"HTH,"&VLOOKUP(Y14,$AE$6:$AF$71,2,FALSE)&"MTH,"&VLOOKUP(Y14,$AE$6:$AF$71,2,FALSE)&"LTH,"&VLOOKUP(Y14,$AE$6:$AF$71,2,FALSE)&"HET" -> CEMHTH,CEMMTH,CEMLTH,CEMHET | F14: =+NRG_shares!V12 -> 0.9 | G14: 25 | H14: =IF(P14/I14/J14*1.075<0.001,0,P14/I14/J14*1.075) -> 0 | I14: 31.536 | J14: 0.9 | K14: =+SUMIFS(NRG_shares!W$113:W$141,NRG_shares!$T$113:$T$141,Techs!$Y14,NRG_shares!$U$113:$U$141,Techs!$AA14) -> 1 | L14: =+SUMIFS(NRG_shares!X$113:X$141,NRG_shares!$T$113:$T$141,Techs!$Y14,NRG_shares!$U$113:$U$141,Techs!$AA14) -> 0 | M14: =+SUMIFS(NRG_shares!Y$113:Y$141,NRG_shares!$T$113:$T$141,Techs!$Y14,NRG_shares!$U$113:$U$141,Techs!$AA14) -> 0 | N14: =+SUMIFS(NRG_shares!Z$113:Z$141,NRG_shares!$T$113:$T$141,Techs!$Y14,NRG_shares!$U$113:$U$141,Techs!$AA14) -> 0 | O14: 3 | P14: =NRG_shares!J12*NRG_shares!O12*Conversions!$B$3 -> 0.00033826814 | R14: I-CEM-KLN-RWS-ETS_E0 | S14: Share-O | T14: CEMHTH | U14: 1 | V14: 3 | X14: Industry | Y14: Cement | Z14: ETS | AA14: Cement/Lime Kiln | AB14: Gas | AE14: Food and Drink | AF14: FAP | AH14: CEMHTH | AI14: CEMMTH | AJ14: CEMLTH | AK14: CEMHET | AM14: =+B14 -> I-CEM-KLN-GAS-ETS_E0 | AN14: =+AM14 -> I-CEM-KLN-GAS-ETS_E0 | AO14: =+AN14 -> I-CEM-KLN-GAS-ETS_E0 | AP14: =+AO14 -> I-CEM-KLN-GAS-ETS_E0
B15: ="I-"&VLOOKUP(Y15,$AE$6:$AF$71,2,FALSE)&"-"&VLOOKUP(AA15,$AE$6:$AF$71,2,FALSE)&"-"&VLOOKUP(AB15,$AE$6:$AF$71,2,FALSE)&"-"&VLOOKUP(Z15,$AE$6:$AF$71,2,FALSE)&"_E0" -> I-CEM-DRR-GAS-ETS_E0 | C15: =_xlfn.TEXTJOIN(" - ",TRUE,X15,Y15,AA15,AB15,Z15) -> Industry - Cement - Dryer - Gas - ETS | D15: =VLOOKUP(AB15,$AE$64:$AG$69,3,FALSE) -> INDGAS | E15: =VLOOKUP(Y15,$AE$6:$AF$71,2,FALSE)&"HTH,"&VLOOKUP(Y15,$AE$6:$AF$71,2,FALSE)&"MTH,"&VLOOKUP(Y15,$AE$6:$AF$71,2,FALSE)&"LTH,"&VLOOKUP(Y15,$AE$6:$AF$71,2,FALSE)&"HET" -> CEMHTH,CEMMTH,CEMLTH,CEMHET | F15: =+NRG_shares!V13 -> 0.92 | G15: 25 | H15: =IF(P15/I15/J15*1.075<0.001,0,P15/I15/J15*1.075) -> 0 | I15: 31.536 | J15: 0.9 | K15: =+SUMIFS(NRG_shares!W$113:W$141,NRG_shares!$T$113:$T$141,Techs!$Y15,NRG_shares!$U$113:$U$141,Techs!$AA15) -> 0 | L15: =+SUMIFS(NRG_shares!X$113:X$141,NRG_shares!$T$113:$T$141,Techs!$Y15,NRG_shares!$U$113:$U$141,Techs!$AA15) -> 1 | M15: =+SUMIFS(NRG_shares!Y$113:Y$141,NRG_shares!$T$113:$T$141,Techs!$Y15,NRG_shares!$U$113:$U$141,Techs!$AA15) -> 0 | N15: =+SUMIFS(NRG_shares!Z$113:Z$141,NRG_shares!$T$113:$T$141,Techs!$Y15,NRG_shares!$U$113:$U$141,Techs!$AA15) -> 0 | O15: 3 | P15: =NRG_shares!J13*NRG_shares!O13*Conversions!$B$3 -> 1.0694388e-05 | R15: I-CEM-KLN-RWS-ETS_E0 | S15: Share-O | T15: CEMMTH | U15: 0 | V15: 3 | X15: Industry | Y15: Cement | Z15: ETS | AA15: Dryer | AB15: Gas | AE15: Food and Drink | AF15: FAP | AH15: CEMHTH | AI15: CEMMTH | AJ15: CEMLTH | AK15: CEMHET | AM15: =+B15 -> I-CEM-DRR-GAS-ETS_E0 | AN15: =+AM15 -> I-CEM-DRR-GAS-ETS_E0 | AO15: =+AN15 -> I-CEM-DRR-GAS-ETS_E0 | AP15: =+AO15 -> I-CEM-DRR-GAS-ETS_E0
B16: ="I-"&VLOOKUP(Y16,$AE$6:$AF$71,2,FALSE)&"-"&VLOOKUP(AA16,$AE$6:$AF$71,2,FALSE)&"-"&VLOOKUP(AB16,$AE$6:$AF$71,2,FALSE)&"-"&VLOOKUP(Z16,$AE$6:$AF$71,2,FALSE)&"_E0" -> I-CAF-BLR-OIL-ETS_E0 | C16: =_xlfn.TEXTJOIN(" - ",TRUE,X16,Y16,AA16,AB16,Z16) -> Industry - Chemicals - Boiler - Oil - ETS | D16: =VLOOKUP(AB16,$AE$64:$AG$69,3,FALSE) -> INDOIL | E16: =VLOOKUP(Y16,$AE$6:$AF$71,2,FALSE)&"HTH,"&VLOOKUP(Y16,$AE$6:$AF$71,2,FALSE)&"MTH,"&VLOOKUP(Y16,$AE$6:$AF$71,2,FALSE)&"LTH,"&VLOOKUP(Y16,$AE$6:$AF$71,2,FALSE)&"HET" -> CAFHTH,CAFMTH,CAFLTH,CAFHET | F16: =+NRG_shares!V14 -> 0.92 | G16: 25 | H16: =IF(P16/I16/J16*1.075<0.001,0,P16/I16/J16*1.075) -> 0.0041962447 | I16: 31.536 | J16: 0.9 | K16: =+SUMIFS(NRG_shares!W$113:W$141,NRG_shares!$T$113:$T$141,Techs!$Y16,NRG_shares!$U$113:$U$141,Techs!$AA16) -> 0 | L16: =+SUMIFS(NRG_shares!X$113:X$141,NRG_shares!$T$113:$T$141,Techs!$Y16,NRG_shares!$U$113:$U$141,Techs!$AA16) -> 0.1 | M16: =+SUMIFS(NRG_shares!Y$113:Y$141,NRG_shares!$T$113:$T$141,Techs!$Y16,NRG_shares!$U$113:$U$141,Techs!$AA16) -> 0.7 | N16: =+SUMIFS(NRG_shares!Z$113:Z$141,NRG_shares!$T$113:$T$141,Techs!$Y16,NRG_shares!$U$113:$U$141,Techs!$AA16) -> 0.2 | O16: 3 | P16: =NRG_shares!J14*NRG_shares!O14*Conversions!$B$3 -> 0.11079023 | R16: I-CEM-KLN-RWS-ETS_E0 | S16: Share-O | T16: CEMLTH | U16: 0 | V16: 3 | X16: Industry | Y16: Chemicals | Z16: ETS | AA16: Boiler | AB16: Oil | AE16: Lime | AF16: LIM | AH16: CAFHTH | AI16: CAFMTH | AJ16: CAFLTH | AK16: CAFHET | AM16: =+B16 -> I-CAF-BLR-OIL-ETS_E0 | AN16: =+AM16 -> I-CAF-BLR-OIL-ETS_E0 | AO16: =+AN16 -> I-CAF-BLR-OIL-ETS_E0 | AP16: =+AO16 -> I-CAF-BLR-OIL-ETS_E0
B17: ="I-"&VLOOKUP(Y17,$AE$6:$AF$71,2,FALSE)&"-"&VLOOKUP(AA17,$AE$6:$AF$71,2,FALSE)&"-"&VLOOKUP(AB17,$AE$6:$AF$71,2,FALSE)&"-"&VLOOKUP(Z17,$AE$6:$AF$71,2,FALSE)&"_E0" -> I-CAF-CHP-OIL-ETS_E0 | C17: =_xlfn.TEXTJOIN(" - ",TRUE,X17,Y17,AA17,AB17,Z17) -> Industry - Chemicals - CHP - Oil - ETS | D17: =VLOOKUP(AB17,$AE$64:$AG$69,3,FALSE) -> INDOIL | E17: =VLOOKUP(Y17,$AE$6:$AF$71,2,FALSE)&"HTH,"&VLOOKUP(Y17,$AE$6:$AF$71,2,FALSE)&"MTH,"&VLOOKUP(Y17,$AE$6:$AF$71,2,FALSE)&"LTH,"&VLOOKUP(Y17,$AE$6:$AF$71,2,FALSE)&"HET" -> CAFHTH,CAFMTH,CAFLTH,CAFHET | F17: =+NRG_shares!V15 -> 0.5 | G17: 25 | H17: =IF(P17/I17/J17*1.075<0.001,0,P17/I17/J17*1.075) -> 0.0025339642 | I17: 31.536 | J17: 0.9 | K17: =+SUMIFS(NRG_shares!W$113:W$141,NRG_shares!$T$113:$T$141,Techs!$Y17,NRG_shares!$U$113:$U$141,Techs!$AA17) -> 0 | L17: =+SUMIFS(NRG_shares!X$113:X$141,NRG_shares!$T$113:$T$141,Techs!$Y17,NRG_shares!$U$113:$U$141,Techs!$AA17) -> 1 | M17: =+SUMIFS(NRG_shares!Y$113:Y$141,NRG_shares!$T$113:$T$141,Techs!$Y17,NRG_shares!$U$113:$U$141,Techs!$AA17) -> 0 | N17: =+SUMIFS(NRG_shares!Z$113:Z$141,NRG_shares!$T$113:$T$141,Techs!$Y17,NRG_shares!$U$113:$U$141,Techs!$AA17) -> 0 | O17: 3 | P17: =NRG_shares!J15*NRG_shares!O15*Conversions!$B$3 -> 0.066902311 | R17: I-CEM-KLN-RWS-ETS_E0 | S17: Share-O | T17: CEMHET | U17: 0 | V17: 3 | X17: Industry | Y17: Chemicals | Z17: ETS | AA17: CHP | AB17: Oil | AE17: Lime | AF17: LIM | AH17: CAFHTH | AI17: CAFMTH | AJ17: CAFLTH | AK17: CAFHET | AM17: =+B17 -> I-CAF-CHP-OIL-ETS_E0 | AN17: =+AM17 -> I-CAF-CHP-OIL-ETS_E0 | AO17: =+AN17 -> I-CAF-CHP-OIL-ETS_E0 | AP17: =+AO17 -> I-CAF-CHP-OIL-ETS_E0
B18: ="I-"&VLOOKUP(Y18,$AE$6:$AF$71,2,FALSE)&"-"&VLOOKUP(AA18,$AE$6:$AF$71,2,FALSE)&"-"&VLOOKUP(AB18,$AE$6:$AF$71,2,FALSE)&"-"&VLOOKUP(Z18,$AE$6:$AF$71,2,FALSE)&"_E0" -> I-CAF-OVN-OIL-ETS_E0 | C18: =_xlfn.TEXTJOIN(" - ",TRUE,X18,Y18,AA18,AB18,Z18) -> Industry - Chemicals - Oven - Oil - ETS | D18: =VLOOKUP(AB18,$AE$64:$AG$69,3,FALSE) -> INDOIL | E18: =VLOOKUP(Y18,$AE$6:$AF$71,2,FALSE)&"HTH,"&VLOOKUP(Y18,$AE$6:$AF$71,2,FALSE)&"MTH,"&VLOOKUP(Y18,$AE$6:$AF$71,2,FALSE)&"LTH,"&VLOOKUP(Y18,$AE$6:$AF$71,2,FALSE)&"HET" -> CAFHTH,CAFMTH,CAFLTH,CAFHET | F18: =+NRG_shares!V16 -> 0.92 | G18: 25 | H18: =IF(P18/I18/J18*1.075<0.001,0,P18/I18/J18*1.075) -> 0 | I18: 31.536 | J18: 0.9 | K18: =+SUMIFS(NRG_shares!W$113:W$141,NRG_shares!$T$113:$T$141,Techs!$Y18,NRG_shares!$U$113:$U$141,Techs!$AA18) -> 0 | L18: =+SUMIFS(NRG_shares!X$113:X$141,NRG_shares!$T$113:$T$141,Techs!$Y18,NRG_shares!$U$113:$U$141,Techs!$AA18) -> 0 | M18: =+SUMIFS(NRG_shares!Y$113:Y$141,NRG_shares!$T$113:$T$141,Techs!$Y18,NRG_shares!$U$113:$U$141,Techs!$AA18) -> 1 | N18: =+SUMIFS(NRG_shares!Z$113:Z$141,NRG_shares!$T$113:$T$141,Techs!$Y18,NRG_shares!$U$113:$U$141,Techs!$AA18) -> 0 | O18: 3 | P18: =NRG_shares!J16*NRG_shares!O16*Conversions!$B$3 -> 0.012310025 | R18: I-CEM-DRR-RWS-ETS_E0 | S18: Share-O | T18: CEMHTH | U18: 0 | V18: 3 | X18: Industry | Y18: Chemicals | Z18: ETS | AA18: Oven | AB18: Oil | AE18: Lime | AF18: LIM | AH18: CAFHTH | AI18: CAFMTH | AJ18: CAFLTH | AK18: CAFHET | AM18: =+B18 -> I-CAF-OVN-OIL-ETS_E0 | AN18: =+AM18 -> I-CAF-OVN-OIL-ETS_E0 | AO18: =+AN18 -> I-CAF-OVN-OIL-ETS_E0 | AP18: =+AO18 -> I-CAF-OVN-OIL-ETS_E0
... B63: ="I-"&VLOOKUP(Y63,$AE$6:$AF$71,2,FALSE)&"-"&VLOOKUP(AA63,$AE$6:$AF$71,2,FALSE)&"-"&VLOOKUP(AB63,$AE$6:$AF$71,2,FALSE)&"-"&VLOOKUP(Z63,$AE$6:$AF$71,2,FALSE)&"_E0" -> I-LIM-FRN-GAS-ETS_E0 | C63: =_xlfn.TEXTJOIN(" - ",TRUE,X63,Y63,AA63,AB63,Z63) -> Industry - Lime - Furnace - Gas - ETS | D63: =VLOOKUP(AB63,$AE$64:$AG$69,3,FALSE) -> INDGAS | E63: =VLOOKUP(Y63,$AE$6:$AF$71,2,FALSE)&"HTH,"&VLOOKUP(Y63,$AE$6:$AF$71,2,FALSE)&"MTH,"&VLOOKUP(Y63,$AE$6:$AF$71,2,FALSE)&"LTH,"&VLOOKUP(Y63,$AE$6:$AF$71,2,FALSE)&"HET" -> LIMHTH,LIMMTH,LIMLTH,LIMHET | F63: =+NRG_shares!V61 -> 0.85 | G63: 25 | H63: =IF(P63/I63/J63*1.075<0.001,0,P63/I63/J63*1.075) -> 0.00521039 | I63: 31.536 | J63: 0.9 | K63: =+SUMIFS(NRG_shares!W$113:W$141,NRG_shares!$T$113:$T$141,Techs!$Y63,NRG_shares!$U$113:$U$141,Techs!$AA63) -> 1 | L63: =+SUMIFS(NRG_shares!X$113:X$141,NRG_shares!$T$113:$T$141,Techs!$Y63,NRG_shares!$U$113:$U$141,Techs!$AA63) -> 0 | M63: =+SUMIFS(NRG_shares!Y$113:Y$141,NRG_shares!$T$113:$T$141,Techs!$Y63,NRG_shares!$U$113:$U$141,Techs!$AA63) -> 0 | N63: =+SUMIFS(NRG_shares!Z$113:Z$141,NRG_shares!$T$113:$T$141,Techs!$Y63,NRG_shares!$U$113:$U$141,Techs!$AA63) -> 0 | O63: 3 | P63: =NRG_shares!J61*NRG_shares!O61*Conversions!$B$3 -> 0.13756593 | R63: I-CAF-CHP-GAS-ETS_E0 | S63: Share-O | T63: CAFMTH | U63: 1 | V63: 3 | X63: Industry | Y63: Lime | Z63: ETS | AA63: Furnace | AB63: Gas | AE63: Boiler | AF63: BLR | AH63: LIMHTH | AI63: LIMMTH | AJ63: LIMLTH | AK63: LIMHET | AM63: =+B63 -> I-LIM-FRN-GAS-ETS_E0 | AN63: =+AM63 -> I-LIM-FRN-GAS-ETS_E0 | AO63: =+AN63 -> I-LIM-FRN-GAS-ETS_E0 | AP63: =+AO63 -> I-LIM-FRN-GAS-ETS_E0
B64: ="I-"&VLOOKUP(Y64,$AE$6:$AF$71,2,FALSE)&"-"&VLOOKUP(AA64,$AE$6:$AF$71,2,FALSE)&"-"&VLOOKUP(AB64,$AE$6:$AF$71,2,FALSE)&"-"&VLOOKUP(Z64,$AE$6:$AF$71,2,FALSE)&"_E0" -> I-MAP-CHP-OIL-ETS_E0 | C64: =_xlfn.TEXTJOIN(" - ",TRUE,X64,Y64,AA64,AB64,Z64) -> Industry - Metals - CHP - Oil - ETS | D64: =VLOOKUP(AB64,$AE$64:$AG$69,3,FALSE) -> INDOIL | E64: =VLOOKUP(Y64,$AE$6:$AF$71,2,FALSE)&"HTH,"&VLOOKUP(Y64,$AE$6:$AF$71,2,FALSE)&"MTH,"&VLOOKUP(Y64,$AE$6:$AF$71,2,FALSE)&"LTH,"&VLOOKUP(Y64,$AE$6:$AF$71,2,FALSE)&"HET" -> MAPHTH,MAPMTH,MAPLTH,MAPHET | F64: =+NRG_shares!V62 -> 0.5 | G64: 25 | H64: =IF(P64/I64/J64*1.075<0.001,0,P64/I64/J64*1.075) -> 0.0016612376 | I64: 31.536 | J64: 0.9 | K64: =+SUMIFS(NRG_shares!W$113:W$141,NRG_shares!$T$113:$T$141,Techs!$Y64,NRG_shares!$U$113:$U$141,Techs!$AA64) -> 0 | L64: =+SUMIFS(NRG_shares!X$113:X$141,NRG_shares!$T$113:$T$141,Techs!$Y64,NRG_shares!$U$113:$U$141,Techs!$AA64) -> 1 | M64: =+SUMIFS(NRG_shares!Y$113:Y$141,NRG_shares!$T$113:$T$141,Techs!$Y64,NRG_shares!$U$113:$U$141,Techs!$AA64) -> 0 | N64: =+SUMIFS(NRG_shares!Z$113:Z$141,NRG_shares!$T$113:$T$141,Techs!$Y64,NRG_shares!$U$113:$U$141,Techs!$AA64) -> 0 | O64: 3 | P64: =NRG_shares!J62*NRG_shares!O62*Conversions!$B$3 -> 0.043860381 | R64: I-CAF-CHP-GAS-ETS_E0 | S64: Share-O | T64: CAFLTH | U64: 0 | V64: 3 | X64: Industry | Y64: Metals | Z64: ETS | AA64: CHP | AB64: Oil | AE64: Non-bio waste | AF64: NWS | AG64: INDNWS | AH64: MAPHTH | AI64: MAPMTH | AJ64: MAPLTH | AK64: MAPHET | AM64: =+B64 -> I-MAP-CHP-OIL-ETS_E0 | AN64: =+AM64 -> I-MAP-CHP-OIL-ETS_E0 | AO64: =+AN64 -> I-MAP-CHP-OIL-ETS_E0 | AP64: =+AO64 -> I-MAP-CHP-OIL-ETS_E0
B65: ="I-"&VLOOKUP(Y65,$AE$6:$AF$71,2,FALSE)&"-"&VLOOKUP(AA65,$AE$6:$AF$71,2,FALSE)&"-"&VLOOKUP(AB65,$AE$6:$AF$71,2,FALSE)&"-"&VLOOKUP(Z65,$AE$6:$AF$71,2,FALSE)&"_E0" -> I-MAP-FRN-OIL-ETS_E0 | C65: =_xlfn.TEXTJOIN(" - ",TRUE,X65,Y65,AA65,AB65,Z65) -> Industry - Metals - Furnace - Oil - ETS | D65: =VLOOKUP(AB65,$AE$64:$AG$69,3,FALSE) -> INDOIL | E65: =VLOOKUP(Y65,$AE$6:$AF$71,2,FALSE)&"HTH,"&VLOOKUP(Y65,$AE$6:$AF$71,2,FALSE)&"MTH,"&VLOOKUP(Y65,$AE$6:$AF$71,2,FALSE)&"LTH,"&VLOOKUP(Y65,$AE$6:$AF$71,2,FALSE)&"HET" -> MAPHTH,MAPMTH,MAPLTH,MAPHET | F65: =+NRG_shares!V63 -> 0.85 | G65: 25 | H65: =IF(P65/I65/J65*1.075<0.001,0,P65/I65/J65*1.075) -> 0 | I65: 31.536 | J65: 0.9 | K65: =+SUMIFS(NRG_shares!W$113:W$141,NRG_shares!$T$113:$T$141,Techs!$Y65,NRG_shares!$U$113:$U$141,Techs!$AA65) -> 1 | L65: =+SUMIFS(NRG_shares!X$113:X$141,NRG_shares!$T$113:$T$141,Techs!$Y65,NRG_shares!$U$113:$U$141,Techs!$AA65) -> 0 | M65: =+SUMIFS(NRG_shares!Y$113:Y$141,NRG_shares!$T$113:$T$141,Techs!$Y65,NRG_shares!$U$113:$U$141,Techs!$AA65) -> 0 | N65: =+SUMIFS(NRG_shares!Z$113:Z$141,NRG_shares!$T$113:$T$141,Techs!$Y65,NRG_shares!$U$113:$U$141,Techs!$AA65) -> 0 | O65: 3 | P65: =NRG_shares!J63*NRG_shares!O63*Conversions!$B$3 -> 0.019883373 | R65: I-CAF-CHP-GAS-ETS_E0 | S65: Share-O | T65: CAFHET | U65: 0 | V65: 3 | X65: Industry | Y65: Metals | Z65: ETS | AA65: Furnace | AB65: Oil | AE65: Bio waste | AF65: RWS | AG65: INDRWS | AH65: MAPHTH | AI65: MAPMTH | AJ65: MAPLTH | AK65: MAPHET | AM65: =+B65 -> I-MAP-FRN-OIL-ETS_E0 | AN65: =+AM65 -> I-MAP-FRN-OIL-ETS_E0 | AO65: =+AN65 -> I-MAP-FRN-OIL-ETS_E0 | AP65: =+AO65 -> I-MAP-FRN-OIL-ETS_E0
B66: ="I-"&VLOOKUP(Y66,$AE$6:$AF$71,2,FALSE)&"-"&VLOOKUP(AA66,$AE$6:$AF$71,2,FALSE)&"-"&VLOOKUP(AB66,$AE$6:$AF$71,2,FALSE)&"-"&VLOOKUP(Z66,$AE$6:$AF$71,2,FALSE)&"_E0" -> I-MAP-BLR-GAS-ETS_E0 | C66: =_xlfn.TEXTJOIN(" - ",TRUE,X66,Y66,AA66,AB66,Z66) -> Industry - Metals - Boiler - Gas - ETS | D66: =VLOOKUP(AB66,$AE$64:$AG$69,3,FALSE) -> INDGAS | E66: =VLOOKUP(Y66,$AE$6:$AF$71,2,FALSE)&"HTH,"&VLOOKUP(Y66,$AE$6:$AF$71,2,FALSE)&"MTH,"&VLOOKUP(Y66,$AE$6:$AF$71,2,FALSE)&"LTH,"&VLOOKUP(Y66,$AE$6:$AF$71,2,FALSE)&"HET" -> MAPHTH,MAPMTH,MAPLTH,MAPHET | F66: =+NRG_shares!V64 -> 0.92 | G66: 25 | H66: =IF(P66/I66/J66*1.075<0.001,0,P66/I66/J66*1.075) -> 0.18279273 | I66: 31.536 | J66: 0.9 | K66: =+SUMIFS(NRG_shares!W$113:W$141,NRG_shares!$T$113:$T$141,Techs!$Y66,NRG_shares!$U$113:$U$141,Techs!$AA66) -> 0 | L66: =+SUMIFS(NRG_shares!X$113:X$141,NRG_shares!$T$113:$T$141,Techs!$Y66,NRG_shares!$U$113:$U$141,Techs!$AA66) -> 1 | M66: =+SUMIFS(NRG_shares!Y$113:Y$141,NRG_shares!$T$113:$T$141,Techs!$Y66,NRG_shares!$U$113:$U$141,Techs!$AA66) -> 0 | N66: =+SUMIFS(NRG_shares!Z$113:Z$141,NRG_shares!$T$113:$T$141,Techs!$Y66,NRG_shares!$U$113:$U$141,Techs!$AA66) -> 0 | O66: 3 | P66: =NRG_shares!J64*NRG_shares!O64*Conversions!$B$3 -> 4.8261362 | R66: I-CAF-OVN-GAS-ETS_E0 | S66: Share-O | T66: CAFHTH | U66: 0 | V66: 3 | X66: Industry | Y66: Metals | Z66: ETS | AA66: Boiler | AB66: Gas | AE66: Solid Fuels | AF66: COA | AG66: INDCOA,INDCOK | AH66: MAPHTH | AI66: MAPMTH | AJ66: MAPLTH | AK66: MAPHET | AM66: =+B66 -> I-MAP-BLR-GAS-ETS_E0 | AN66: =+AM66 -> I-MAP-BLR-GAS-ETS_E0 | AO66: =+AN66 -> I-MAP-BLR-GAS-ETS_E0 | AP66: =+AO66 -> I-MAP-BLR-GAS-ETS_E0
B67: =" I-"&VLOOKUP(Y67,$AE$6:$AF$71,2,FALSE)&"-"&VLOOKUP(AA67,$AE$6:$AF$71,2,FALSE)&"-"&VLOOKUP(AB67,$AE$6:$AF$71,2,FALSE)&"-"&VLOOKUP(Z67,$AE$6:$AF$71,2,FALSE)&"_E0" -> I-MAP-CHP-GAS-ETS_E0 | C67: =_xlfn.TEXTJOIN(" - ",TRUE,X67,Y67,AA67,AB67,Z67) -> Industry - Metals - CHP - Gas - ETS | D67: =VLOOKUP(AB67,$AE$64:$AG$69,3,FALSE) -> INDGAS | E67: =VLOOKUP(Y67,$AE$6:$AF$71,2,FALSE)&"HTH,"&VLOOKUP(Y67,$AE$6:$AF$71,2,FALSE)&"MTH,"&VLOOKUP(Y67,$AE$6:$AF$71,2,FALSE)&"LTH,"&VLOOKUP(Y67,$AE$6:$AF$71,2,FALSE)&"HET" -> MAPHTH,MAPMTH,MAPLTH,MAPHET | F67: =+NRG_shares!V65 -> 0.5 | G67: 25 | H67: =IF(P67/I67/J67*1.075<0.001,0,P67/I67/J67*1.075) -> 0.058981767 | I67: 31.536 | J67: 0.9 | K67: =+SUMIFS(NRG_shares!W$113:W$141,NRG_shares!$T$113:$T$141,Techs!$Y67,NRG_shares!$U$113:$U$141,Techs!$AA67) -> 0 | L67: =+SUMIFS(NRG_shares!X$113:X$141,NRG_shares!$T$113:$T$141,Techs!$Y67,NRG_shares!$U$113:$U$141,Techs!$AA67) -> 1 | M67: =+SUMIFS(NRG_shares!Y$113:Y$141,NRG_shares!$T$113:$T$141,Techs!$Y67,NRG_shares!$U$113:$U$141,Techs!$AA67) -> 0 | N67: =+SUMIFS(NRG_shares!Z$113:Z$141,NRG_shares!$T$113:$T$141,Techs!$Y67,NRG_shares!$U$113:$U$141,Techs!$AA67) -> 0 | O67: 3 | P67: =NRG_shares!J65*NRG_shares!O65*Conversions!$B$3-5 -> 1.5572503 | R67: I-CAF-OVN-GAS-ETS_E0 | S67: Share-O | T67: CAFMTH | U67: 0 | V67: 3 | X67: Industry | Y67: Metals | Z67: ETS | AA67: CHP | AB67: Gas | AE67: Oil | AF67: OIL | AG67: INDOIL | AH67: MAPHTH | AI67: MAPMTH | AJ67: MAPLTH | AK67: MAPHET | AM67: =+B67 -> I-MAP-CHP-GAS-ETS_E0 | AN67: =+AM67 -> I-MAP-CHP-GAS-ETS_E0 | AO67: =+AN67 -> I-MAP-CHP-GAS-ETS_E0 | AP67: =+AO67 -> I-MAP-CHP-GAS-ETS_E0
B68: ="I-"&VLOOKUP(Y68,$AE$6:$AF$71,2,FALSE)&"-"&VLOOKUP(AA68,$AE$6:$AF$71,2,FALSE)&"-"&VLOOKUP(AB68,$AE$6:$AF$71,2,FALSE)&"-"&VLOOKUP(Z68,$AE$6:$AF$71,2,FALSE)&"_E0" -> I-MAP-FRN-GAS-ETS_E0 | C68: =_xlfn.TEXTJOIN(" - ",TRUE,X68,Y68,AA68,AB68,Z68) -> Industry - Metals - Furnace - Gas - ETS | D68: =VLOOKUP(AB68,$AE$64:$AG$69,3,FALSE) -> INDGAS | E68: =VLOOKUP(Y68,$AE$6:$AF$71,2,FALSE)&"HTH,"&VLOOKUP(Y68,$AE$6:$AF$71,2,FALSE)&"MTH,"&VLOOKUP(Y68,$AE$6:$AF$71,2,FALSE)&"LTH,"&VLOOKUP(Y68,$AE$6:$AF$71,2,FALSE)&"HET" -> MAPHTH,MAPMTH,MAPLTH,MAPHET | F68: =+NRG_shares!V66 -> 0.85 | G68: 25 | H68: =IF(P68/I68/J68*1.075<0.001,0,P68/I68/J68*1.075) -> 0.11258973 | I68: 31.536 | J68: 0.9 | K68: =+SUMIFS(NRG_shares!W$113:W$141,NRG_shares!$T$113:$T$141,Techs!$Y68,NRG_shares!$U$113:$U$141,Techs!$AA68) -> 1 | L68: =+SUMIFS(NRG_shares!X$113:X$141,NRG_shares!$T$113:$T$141,Techs!$Y68,NRG_shares!$U$113:$U$141,Techs!$AA68) -> 0 | M68: =+SUMIFS(NRG_shares!Y$113:Y$141,NRG_shares!$T$113:$T$141,Techs!$Y68,NRG_shares!$U$113:$U$141,Techs!$AA68) -> 0 | N68: =+SUMIFS(NRG_shares!Z$113:Z$141,NRG_shares!$T$113:$T$141,Techs!$Y68,NRG_shares!$U$113:$U$141,Techs!$AA68) -> 0 | O68: 3 | P68: =NRG_shares!J66*NRG_shares!O66*Conversions!$B$3 -> 2.9726201 | R68: I-CAF-OVN-GAS-ETS_E0 | S68: Share-O | T68: CAFLTH | U68: 1 | V68: 3 | X68: Industry | Y68: Metals | Z68: ETS | AA68: Furnace | AB68: Gas | AE68: Gas | AF68: GAS | AG68: INDGAS | AH68: MAPHTH | AI68: MAPMTH | AJ68: MAPLTH | AK68: MAPHET | AM68: =+B68 -> I-MAP-FRN-GAS-ETS_E0 | AN68: =+AM68 -> I-MAP-FRN-GAS-ETS_E0 | AO68: =+AN68 -> I-MAP-FRN-GAS-ETS_E0 | AP68: =+AO68 -> I-MAP-FRN-GAS-ETS_E0
B69: ="I-"&VLOOKUP(Y69,$AE$6:$AF$71,2,FALSE)&"-"&VLOOKUP(AA69,$AE$6:$AF$71,2,FALSE)&"-"&VLOOKUP(AB69,$AE$6:$AF$71,2,FALSE)&"-"&VLOOKUP(Z69,$AE$6:$AF$71,2,FALSE)&"_E0" -> I-MAP-BLR-COA-NETS_E0 | C69: =_xlfn.TEXTJOIN(" - ",TRUE,X69,Y69,AA69,AB69,Z69) -> Industry - Metals - Boiler - Solid Fuels - Non-ETS | D69: =VLOOKUP(AB69,$AE$64:$AG$69,3,FALSE) -> INDCOA,INDCOK | E69: =VLOOKUP(Y69,$AE$6:$AF$71,2,FALSE)&"HTH,"&VLOOKUP(Y69,$AE$6:$AF$71,2,FALSE)&"MTH,"&VLOOKUP(Y69,$AE$6:$AF$71,2,FALSE)&"LTH,"&VLOOKUP(Y69,$AE$6:$AF$71,2,FALSE)&"HET" -> MAPHTH,MAPMTH,MAPLTH,MAPHET | F69: =+NRG_shares!V67 -> 0.92 | G69: 25 | H69: =IF(P69/I69/J69*1.075<0.001,0,P69/I69/J69*1.075) -> 0 | I69: 31.536 | J69: 0.9 | K69: =+SUMIFS(NRG_shares!W$113:W$141,NRG_shares!$T$113:$T$141,Techs!$Y69,NRG_shares!$U$113:$U$141,Techs!$AA69) -> 0 | L69: =+SUMIFS(NRG_shares!X$113:X$141,NRG_shares!$T$113:$T$141,Techs!$Y69,NRG_shares!$U$113:$U$141,Techs!$AA69) -> 1 | M69: =+SUMIFS(NRG_shares!Y$113:Y$141,NRG_shares!$T$113:$T$141,Techs!$Y69,NRG_shares!$U$113:$U$141,Techs!$AA69) -> 0 | N69: =+SUMIFS(NRG_shares!Z$113:Z$141,NRG_shares!$T$113:$T$141,Techs!$Y69,NRG_shares!$U$113:$U$141,Techs!$AA69) -> 0 | O69: 3 | P69: =NRG_shares!J67*NRG_shares!O67*Conversions!$B$3 -> 0.0020947934 | R69: I-CAF-OVN-GAS-ETS_E0 | S69: Share-O | T69: CAFHET | U69: 0 | V69: 3 | X69: Industry | Y69: Metals | Z69: Non-ETS | AA69: Boiler | AB69: Solid Fuels | AE69: Bio fuel | AF69: BIO | AG69: INDBIO | AH69: MAPHTH | AI69: MAPMTH | AJ69: MAPLTH | AK69: MAPHET | AM69: =+B69 -> I-MAP-BLR-COA-NETS_E0 | AN69: =+AM69 -> I-MAP-BLR-COA-NETS_E0 | AO69: =+AN69 -> I-MAP-BLR-COA-NETS_E0 | AP69: =+AO69 -> I-MAP-BLR-COA-NETS_E0
B70: ="I-"&VLOOKUP(Y70,$AE$6:$AF$71,2,FALSE)&"-"&VLOOKUP(AA70,$AE$6:$AF$71,2,FALSE)&"-"&VLOOKUP(AB70,$AE$6:$AF$71,2,FALSE)&"-"&VLOOKUP(Z70,$AE$6:$AF$71,2,FALSE)&"_E0" -> I-MAP-FRN-COA-NETS_E0 | C70: =_xlfn.TEXTJOIN(" - ",TRUE,X70,Y70,AA70,AB70,Z70) -> Industry - Metals - Furnace - Solid Fuels - Non-ETS | D70: =VLOOKUP(AB70,$AE$64:$AG$69,3,FALSE) -> INDCOA,INDCOK | E70: =VLOOKUP(Y70,$AE$6:$AF$71,2,FALSE)&"HTH,"&VLOOKUP(Y70,$AE$6:$AF$71,2,FALSE)&"MTH,"&VLOOKUP(Y70,$AE$6:$AF$71,2,FALSE)&"LTH,"&VLOOKUP(Y70,$AE$6:$AF$71,2,FALSE)&"HET" -> MAPHTH,MAPMTH,MAPLTH,MAPHET | F70: =+NRG_shares!V68 -> 0.85 | G70: 25 | H70: =IF(P70/I70/J70*1.075<0.001,0,P70/I70/J70*1.075) -> 0 | I70: 31.536 | J70: 0.9 | K70: =+SUMIFS(NRG_shares!W$113:W$141,NRG_shares!$T$113:$T$141,Techs!$Y70,NRG_shares!$U$113:$U$141,Techs!$AA70) -> 1 | L70: =+SUMIFS(NRG_shares!X$113:X$141,NRG_shares!$T$113:$T$141,Techs!$Y70,NRG_shares!$U$113:$U$141,Techs!$AA70) -> 0 | M70: =+SUMIFS(NRG_shares!Y$113:Y$141,NRG_shares!$T$113:$T$141,Techs!$Y70,NRG_shares!$U$113:$U$141,Techs!$AA70) -> 0 | N70: =+SUMIFS(NRG_shares!Z$113:Z$141,NRG_shares!$T$113:$T$141,Techs!$Y70,NRG_shares!$U$113:$U$141,Techs!$AA70) -> 0 | O70: 3 | P70: =NRG_shares!J68*NRG_shares!O68*Conversions!$B$3 -> 0.0029031104 | R70: I-CAF-BLR-COA-NETS_E0 | S70: Share-O | T70: CAFHTH | U70: 0 | V70: 3 | X70: Industry | Y70: Metals | Z70: Non-ETS | AA70: Furnace | AB70: Solid Fuels | AE70: Non-ETS | AF70: NETS | AH70: MAPHTH | AI70: MAPMTH | AJ70: MAPLTH | AK70: MAPHET | AM70: =+B70 -> I-MAP-FRN-COA-NETS_E0 | AN70: =+AM70 -> I-MAP-FRN-COA-NETS_E0 | AO70: =+AN70 -> I-MAP-FRN-COA-NETS_E0 | AP70: =+AO70 -> I-MAP-FRN-COA-NETS_E0
B71: ="I-"&VLOOKUP(Y71,$AE$6:$AF$71,2,FALSE)&"-"&VLOOKUP(AA71,$AE$6:$AF$71,2,FALSE)&"-"&VLOOKUP(AB71,$AE$6:$AF$71,2,FALSE)&"-"&VLOOKUP(Z71,$AE$6:$AF$71,2,FALSE)&"_E0" -> I-MAP-BLR-OIL-NETS_E0 | C71: =_xlfn.TEXTJOIN(" - ",TRUE,X71,Y71,AA71,AB71,Z71) -> Industry - Metals - Boiler - Oil - Non-ETS | D71: =VLOOKUP(AB71,$AE$64:$AG$69,3,FALSE) -> INDOIL | E71: =VLOOKUP(Y71,$AE$6:$AF$71,2,FALSE)&"HTH,"&VLOOKUP(Y71,$AE$6:$AF$71,2,FALSE)&"MTH,"&VLOOKUP(Y71,$AE$6:$AF$71,2,FALSE)&"LTH,"&VLOOKUP(Y71,$AE$6:$AF$71,2,FALSE)&"HET" -> MAPHTH,MAPMTH,MAPLTH,MAPHET | F71: =+NRG_shares!V69 -> 0.92 | G71: 25 | H71: =IF(P71/I71/J71*1.075<0.001,0,P71/I71/J71*1.075) -> 0.0045624436 | I71: 31.536 | J71: 0.9 | K71: =+SUMIFS(NRG_shares!W$113:W$141,NRG_shares!$T$113:$T$141,Techs!$Y71,NRG_shares!$U$113:$U$141,Techs!$AA71) -> 0 | L71: =+SUMIFS(NRG_shares!X$113:X$141,NRG_shares!$T$113:$T$141,Techs!$Y71,NRG_shares!$U$113:$U$141,Techs!$AA71) -> 1 | M71: =+SUMIFS(NRG_shares!Y$113:Y$141,NRG_shares!$T$113:$T$141,Techs!$Y71,NRG_shares!$U$113:$U$141,Techs!$AA71) -> 0 | N71: =+SUMIFS(NRG_shares!Z$113:Z$141,NRG_shares!$T$113:$T$141,Techs!$Y71,NRG_shares!$U$113:$U$141,Techs!$AA71) -> 0 | O71: 3 | P71: =NRG_shares!J69*NRG_shares!O69*Conversions!$B$3 -> 0.1204587 | R71: I-CAF-BLR-COA-NETS_E0 | S71: Share-O | T71: CAFMTH | U71: 0.1 | V71: 3 | X71: Industry | Y71: Metals | Z71: Non-ETS | AA71: Boiler | AB71: Oil | AE71: ETS | AF71: ETS | AH71: MAPHTH | AI71: MAPMTH | AJ71: MAPLTH | AK71: MAPHET | AM71: =+B71 -> I-MAP-BLR-OIL-NETS_E0 | AN71: =+AM71 -> I-MAP-BLR-OIL-NETS_E0 | AO71: =+AN71 -> I-MAP-BLR-OIL-NETS_E0 | AP71: =+AO71 -> I-MAP-BLR-OIL-NETS_E0
B72: ="I-"&VLOOKUP(Y72,$AE$6:$AF$71,2,FALSE)&"-"&VLOOKUP(AA72,$AE$6:$AF$71,2,FALSE)&"-"&VLOOKUP(AB72,$AE$6:$AF$71,2,FALSE)&"-"&VLOOKUP(Z72,$AE$6:$AF$71,2,FALSE)&"_E0" -> I-MAP-FRN-OIL-NETS_E0 | C72: =_xlfn.TEXTJOIN(" - ",TRUE,X72,Y72,AA72,AB72,Z72) -> Industry - Metals - Furnace - Oil - Non-ETS | D72: =VLOOKUP(AB72,$AE$64:$AG$69,3,FALSE) -> INDOIL | E72: =VLOOKUP(Y72,$AE$6:$AF$71,2,FALSE)&"HTH,"&VLOOKUP(Y72,$AE$6:$AF$71,2,FALSE)&"MTH,"&VLOOKUP(Y72,$AE$6:$AF$71,2,FALSE)&"LTH,"&VLOOKUP(Y72,$AE$6:$AF$71,2,FALSE)&"HET" -> MAPHTH,MAPMTH,MAPLTH,MAPHET | F72: =+NRG_shares!V70 -> 0.85 | G72: 25 | H72: =IF(P72/I72/J72*1.075<0.001,0,P72/I72/J72*1.075) -> 0.0063229517 | I72: 31.536 | J72: 0.9 | K72: =+SUMIFS(NRG_shares!W$113:W$141,NRG_shares!$T$113:$T$141,Techs!$Y72,NRG_shares!$U$113:$U$141,Techs!$AA72) -> 1 | L72: =+SUMIFS(NRG_shares!X$113:X$141,NRG_shares!$T$113:$T$141,Techs!$Y72,NRG_shares!$U$113:$U$141,Techs!$AA72) -> 0 | M72: =+SUMIFS(NRG_shares!Y$113:Y$141,NRG_shares!$T$113:$T$141,Techs!$Y72,NRG_shares!$U$113:$U$141,Techs!$AA72) -> 0 | N72: =+SUMIFS(NRG_shares!Z$113:Z$141,NRG_shares!$T$113:$T$141,Techs!$Y72,NRG_shares!$U$113:$U$141,Techs!$AA72) -> 0 | O72: 3 | P72: =NRG_shares!J70*NRG_shares!O70*Conversions!$B$3 -> 0.16694004 | R72: I-CAF-BLR-COA-NETS_E0 | S72: Share-O | T72: CAFLTH | U72: 0.7 | V72: 3 | X72: Industry | Y72: Metals | Z72: Non-ETS | AA72: Furnace | AB72: Oil | AH72: MAPHTH | AI72: MAPMTH | AJ72: MAPLTH | AK72: MAPHET | AM72: =+B72 -> I-MAP-FRN-OIL-NETS_E0 | AN72: =+AM72 -> I-MAP-FRN-OIL-NETS_E0 | AO72: =+AN72 -> I-MAP-FRN-OIL-NETS_E0 | AP72: =+AO72 -> I-MAP-FRN-OIL-NETS_E0
B73: ="I-"&VLOOKUP(Y73,$AE$6:$AF$71,2,FALSE)&"-"&VLOOKUP(AA73,$AE$6:$AF$71,2,FALSE)&"-"&VLOOKUP(AB73,$AE$6:$AF$71,2,FALSE)&"-"&VLOOKUP(Z73,$AE$6:$AF$71,2,FALSE)&"_E0" -> I-MAP-BLR-GAS-NETS_E0 | C73: =_xlfn.TEXTJOIN(" - ",TRUE,X73,Y73,AA73,AB73,Z73) -> Industry - Metals - Boiler - Gas - Non-ETS | D73: =VLOOKUP(AB73,$AE$64:$AG$69,3,FALSE) -> INDGAS | E73: =VLOOKUP(Y73,$AE$6:$AF$71,2,FALSE)&"HTH,"&VLOOKUP(Y73,$AE$6:$AF$71,2,FALSE)&"MTH,"&VLOOKUP(Y73,$AE$6:$AF$71,2,FALSE)&"LTH,"&VLOOKUP(Y73,$AE$6:$AF$71,2,FALSE)&"HET" -> MAPHTH,MAPMTH,MAPLTH,MAPHET | F73: =+NRG_shares!V71 -> 0.92 | G73: 25 | H73: =IF(P73/I73/J73*1.075<0.001,0,P73/I73/J73*1.075) -> 0.028833272 | I73: 31.536 | J73: 0.9 | K73: =+SUMIFS(NRG_shares!W$113:W$141,NRG_shares!$T$113:$T$141,Techs!$Y73,NRG_shares!$U$113:$U$141,Techs!$AA73) -> 0 | L73: =+SUMIFS(NRG_shares!X$113:X$141,NRG_shares!$T$113:$T$141,Techs!$Y73,NRG_shares!$U$113:$U$141,Techs!$AA73) -> 1 | M73: =+SUMIFS(NRG_shares!Y$113:Y$141,NRG_shares!$T$113:$T$141,Techs!$Y73,NRG_shares!$U$113:$U$141,Techs!$AA73) -> 0 | N73: =+SUMIFS(NRG_shares!Z$113:Z$141,NRG_shares!$T$113:$T$141,Techs!$Y73,NRG_shares!$U$113:$U$141,Techs!$AA73) -> 0 | O73: 3 | P73: =NRG_shares!J71*NRG_shares!O71*Conversions!$B$3 -> 0.76126275 | R73: I-CAF-BLR-COA-NETS_E0 | S73: Share-O | T73: CAFHET | U73: 0.2 | V73: 3 | X73: Industry | Y73: Metals | Z73: Non-ETS | AA73: Boiler | AB73: Gas | AH73: MAPHTH | AI73: MAPMTH | AJ73: MAPLTH | AK73: MAPHET | AM73: =+B73 -> I-MAP-BLR-GAS-NETS_E0 | AN73: =+AM73 -> I-MAP-BLR-GAS-NETS_E0 | AO73: =+AN73 -> I-MAP-BLR-GAS-NETS_E0 | AP73: =+AO73 -> I-MAP-BLR-GAS-NETS_E0
B74: ="I-"&VLOOKUP(Y74,$AE$6:$AF$71,2,FALSE)&"-"&VLOOKUP(AA74,$AE$6:$AF$71,2,FALSE)&"-"&VLOOKUP(AB74,$AE$6:$AF$71,2,FALSE)&"-"&VLOOKUP(Z74,$AE$6:$AF$71,2,FALSE)&"_E0" -> I-MAP-FRN-GAS-NETS_E0 | C74: =_xlfn.TEXTJOIN(" - ",TRUE,X74,Y74,AA74,AB74,Z74) -> Industry - Metals - Furnace - Gas - Non-ETS | D74: =VLOOKUP(AB74,$AE$64:$AG$69,3,FALSE) -> INDGAS | E74: =VLOOKUP(Y74,$AE$6:$AF$71,2,FALSE)&"HTH,"&VLOOKUP(Y74,$AE$6:$AF$71,2,FALSE)&"MTH,"&VLOOKUP(Y74,$AE$6:$AF$71,2,FALSE)&"LTH,"&VLOOKUP(Y74,$AE$6:$AF$71,2,FALSE)&"HET" -> MAPHTH,MAPMTH,MAPLTH,MAPHET | F74: =+NRG_shares!V72 -> 0.85 | G74: 25 | H74: =IF(P74/I74/J74*1.075<0.001,0,P74/I74/J74*1.075) -> 0.039959154 | I74: 31.536 | J74: 0.9 | K74: =+SUMIFS(NRG_shares!W$113:W$141,NRG_shares!$T$113:$T$141,Techs!$Y74,NRG_shares!$U$113:$U$141,Techs!$AA74) -> 1 | L74: =+SUMIFS(NRG_shares!X$113:X$141,NRG_shares!$T$113:$T$141,Techs!$Y74,NRG_shares!$U$113:$U$141,Techs!$AA74) -> 0 | M74: =+SUMIFS(NRG_shares!Y$113:Y$141,NRG_shares!$T$113:$T$141,Techs!$Y74,NRG_shares!$U$113:$U$141,Techs!$AA74) -> 0 | N74: =+SUMIFS(NRG_shares!Z$113:Z$141,NRG_shares!$T$113:$T$141,Techs!$Y74,NRG_shares!$U$113:$U$141,Techs!$AA74) -> 0 | O74: 3 | P74: =NRG_shares!J72*NRG_shares!O72*Conversions!$B$3 -> 1.0550109 | R74: I-CAF-CHP-COA-NETS_E0 | S74: Share-O | T74: CAFHTH | U74: 0 | V74: 3 | X74: Industry | Y74: Metals | Z74: Non-ETS | AA74: Furnace | AB74: Gas | AH74: MAPHTH | AI74: MAPMTH | AJ74: MAPLTH | AK74: MAPHET | AM74: =+B74 -> I-MAP-FRN-GAS-NETS_E0 | AN74: =+AM74 -> I-MAP-FRN-GAS-NETS_E0 | AO74: =+AN74 -> I-MAP-FRN-GAS-NETS_E0 | AP74: =+AO74 -> I-MAP-FRN-GAS-NETS_E0
B75: ="I-"&VLOOKUP(Y75,$AE$6:$AF$71,2,FALSE)&"-"&VLOOKUP(AA75,$AE$6:$AF$71,2,FALSE)&"-"&VLOOKUP(AB75,$AE$6:$AF$71,2,FALSE)&"-"&VLOOKUP(Z75,$AE$6:$AF$71,2,FALSE)&"_E0" -> I-OMA-BLR-GAS-ETS_E0 | C75: =_xlfn.TEXTJOIN(" - ",TRUE,X75,Y75,AA75,AB75,Z75) -> Industry - Other Industry - Boiler - Gas - ETS | D75: =VLOOKUP(AB75,$AE$64:$AG$69,3,FALSE) -> INDGAS | E75: =VLOOKUP(Y75,$AE$6:$AF$71,2,FALSE)&"HTH,"&VLOOKUP(Y75,$AE$6:$AF$71,2,FALSE)&"MTH,"&VLOOKUP(Y75,$AE$6:$AF$71,2,FALSE)&"LTH,"&VLOOKUP(Y75,$AE$6:$AF$71,2,FALSE)&"HET" -> OMAHTH,OMAMTH,OMALTH,OMAHET | F75: =+NRG_shares!V73 -> 0.92 | G75: 25 | H75: =IF(P75/I75/J75*1.075<0.001,0,P75/I75/J75*1.075) -> 0.027482118 | I75: 31.536 | J75: 0.9 | K75: =+SUMIFS(NRG_shares!W$113:W$141,NRG_shares!$T$113:$T$141,Techs!$Y75,NRG_shares!$U$113:$U$141,Techs!$AA75) -> 0 | L75: =+SUMIFS(NRG_shares!X$113:X$141,NRG_shares!$T$113:$T$141,Techs!$Y75,NRG_shares!$U$113:$U$141,Techs!$AA75) -> 0 | M75: =+SUMIFS(NRG_shares!Y$113:Y$141,NRG_shares!$T$113:$T$141,Techs!$Y75,NRG_shares!$U$113:$U$141,Techs!$AA75) -> 0.6 | N75: =+SUMIFS(NRG_shares!Z$113:Z$141,NRG_shares!$T$113:$T$141,Techs!$Y75,NRG_shares!$U$113:$U$141,Techs!$AA75) -> 0.4 | O75: 3 | P75: =NRG_shares!J73*NRG_shares!O73*Conversions!$B$3 -> 0.72558926 | R75: I-CAF-CHP-COA-NETS_E0 | S75: Share-O | T75: CAFMTH | U75: 1 | V75: 3 | X75: Industry | Y75: Other Industry | Z75: ETS | AA75: Boiler | AB75: Gas | AH75: OMAHTH | AI75: OMAMTH | AJ75: OMALTH | AK75: OMAHET | AM75: =+B75 -> I-OMA-BLR-GAS-ETS_E0 | AN75: =+AM75 -> I-OMA-BLR-GAS-ETS_E0 | AO75: =+AN75 -> I-OMA-BLR-GAS-ETS_E0 | AP75: =+AO75 -> I-OMA-BLR-GAS-ETS_E0
B76: ="I-"&VLOOKUP(Y76,$AE$6:$AF$71,2,FALSE)&"-"&VLOOKUP(AA76,$AE$6:$AF$71,2,FALSE)&"-"&VLOOKUP(AB76,$AE$6:$AF$71,2,FALSE)&"-"&VLOOKUP(Z76,$AE$6:$AF$71,2,FALSE)&"_E0" -> I-OMA-CHP-GAS-ETS_E0 | C76: =_xlfn.TEXTJOIN(" - ",TRUE,X76,Y76,AA76,AB76,Z76) -> Industry - Other Industry - CHP - Gas - ETS | D76: =VLOOKUP(AB76,$AE$64:$AG$69,3,FALSE) -> INDGAS | E76: =VLOOKUP(Y76,$AE$6:$AF$71,2,FALSE)&"HTH,"&VLOOKUP(Y76,$AE$6:$AF$71,2,FALSE)&"MTH,"&VLOOKUP(Y76,$AE$6:$AF$71,2,FALSE)&"LTH,"&VLOOKUP(Y76,$AE$6:$AF$71,2,FALSE)&"HET" -> OMAHTH,OMAMTH,OMALTH,OMAHET | F76: =+NRG_shares!V74 -> 0.5 | G76: 25 | H76: =IF(P76/I76/J76*1.075<0.001,0,P76/I76/J76*1.075) -> 0.01344234 | I76: 31.536 | J76: 0.9 | K76: =+SUMIFS(NRG_shares!W$113:W$141,NRG_shares!$T$113:$T$141,Techs!$Y76,NRG_shares!$U$113:$U$141,Techs!$AA76) -> 0 | L76: =+SUMIFS(NRG_shares!X$113:X$141,NRG_shares!$T$113:$T$141,Techs!$Y76,NRG_shares!$U$113:$U$141,Techs!$AA76) -> 0 | M76: =+SUMIFS(NRG_shares!Y$113:Y$141,NRG_shares!$T$113:$T$141,Techs!$Y76,NRG_shares!$U$113:$U$141,Techs!$AA76) -> 1 | N76: =+SUMIFS(NRG_shares!Z$113:Z$141,NRG_shares!$T$113:$T$141,Techs!$Y76,NRG_shares!$U$113:$U$141,Techs!$AA76) -> 0 | O76: 3 | P76: =NRG_shares!J74*NRG_shares!O74*Conversions!$B$3 -> 0.35490779 | R76: I-CAF-CHP-COA-NETS_E0 | S76: Share-O | T76: CAFLTH | U76: 0 | V76: 3 | X76: Industry | Y76: Other Industry | Z76: ETS | AA76: CHP | AB76: Gas | AH76: OMAHTH | AI76: OMAMTH | AJ76: OMALTH | AK76: OMAHET | AM76: =+B76 -> I-OMA-CHP-GAS-ETS_E0 | AN76: =+AM76 -> I-OMA-CHP-GAS-ETS_E0 | AO76: =+AN76 -> I-OMA-CHP-GAS-ETS_E0 | AP76: =+AO76 -> I-OMA-CHP-GAS-ETS_E0
B77: ="I-"&VLOOKUP(Y77,$AE$6:$AF$71,2,FALSE)&"-"&VLOOKUP(AA77,$AE$6:$AF$71,2,FALSE)&"-"&VLOOKUP(AB77,$AE$6:$AF$71,2,FALSE)&"-"&VLOOKUP(Z77,$AE$6:$AF$71,2,FALSE)&"_E0" -> I-OMA-DRR-GAS-ETS_E0 | C77: =_xlfn.TEXTJOIN(" - ",TRUE,X77,Y77,AA77,AB77,Z77) -> Industry - Other Industry - Dryer - Gas - ETS | D77: =VLOOKUP(AB77,$AE$64:$AG$69,3,FALSE) -> INDGAS | E77: =VLOOKUP(Y77,$AE$6:$AF$71,2,FALSE)&"HTH,"&VLOOKUP(Y77,$AE$6:$AF$71,2,FALSE)&"MTH,"&VLOOKUP(Y77,$AE$6:$AF$71,2,FALSE)&"LTH,"&VLOOKUP(Y77,$AE$6:$AF$71,2,FALSE)&"HET" -> OMAHTH,OMAMTH,OMALTH,OMAHET | F77: =+NRG_shares!V75 -> 0.92 | G77: 25 | H77: =IF(P77/I77/J77*1.075<0.001,0,P77/I77/J77*1.075) -> 0.0027482118 | I77: 31.536 | J77: 0.9 | K77: =+SUMIFS(NRG_shares!W$113:W$141,NRG_shares!$T$113:$T$141,Techs!$Y77,NRG_shares!$U$113:$U$141,Techs!$AA77) -> 0 | L77: =+SUMIFS(NRG_shares!X$113:X$141,NRG_shares!$T$113:$T$141,Techs!$Y77,NRG_shares!$U$113:$U$141,Techs!$AA77) -> 0 | M77: =+SUMIFS(NRG_shares!Y$113:Y$141,NRG_shares!$T$113:$T$141,Techs!$Y77,NRG_shares!$U$113:$U$141,Techs!$AA77) -> 1 | N77: =+SUMIFS(NRG_shares!Z$113:Z$141,NRG_shares!$T$113:$T$141,Techs!$Y77,NRG_shares!$U$113:$U$141,Techs!$AA77) -> 0 | O77: 3 | P77: =NRG_shares!J75*NRG_shares!O75*Conversions!$B$3 -> 0.072558926 | R77: I-CAF-CHP-COA-NETS_E0 | S77: Share-O | T77: CAFHET | U77: 0 | V77: 3 | X77: Industry | Y77: Other Industry | Z77: ETS | AA77: Dryer | AB77: Gas | AH77: OMAHTH | AI77: OMAMTH | AJ77: OMALTH | AK77: OMAHET | AM77: =+B77 -> I-OMA-DRR-GAS-ETS_E0 | AN77: =+AM77 -> I-OMA-DRR-GAS-ETS_E0 | AO77: =+AN77 -> I-OMA-DRR-GAS-ETS_E0 | AP77: =+AO77 -> I-OMA-DRR-GAS-ETS_E0
B78: ="I-"&VLOOKUP(Y78,$AE$6:$AF$71,2,FALSE)&"-"&VLOOKUP(AA78,$AE$6:$AF$71,2,FALSE)&"-"&VLOOKUP(AB78,$AE$6:$AF$71,2,FALSE)&"-"&VLOOKUP(Z78,$AE$6:$AF$71,2,FALSE)&"_E0" -> I-OMA-BLR-OIL-NETS_E0 | C78: =_xlfn.TEXTJOIN(" - ",TRUE,X78,Y78,AA78,AB78,Z78) -> Industry - Other Industry - Boiler - Oil - Non-ETS | D78: =VLOOKUP(AB78,$AE$64:$AG$69,3,FALSE) -> INDOIL | E78: =VLOOKUP(Y78,$AE$6:$AF$71,2,FALSE)&"HTH,"&VLOOKUP(Y78,$AE$6:$AF$71,2,FALSE)&"MTH,"&VLOOKUP(Y78,$AE$6:$AF$71,2,FALSE)&"LTH,"&VLOOKUP(Y78,$AE$6:$AF$71,2,FALSE)&"HET" -> OMAHTH,OMAMTH,OMALTH,OMAHET | F78: =+NRG_shares!V76 -> 0.92 | G78: 25 | H78: =IF(P78/I78/J78*1.075<0.001,0,P78/I78/J78*1.075) -> 0.023102087 | I78: 31.536 | J78: 0.9 | K78: =+SUMIFS(NRG_shares!W$113:W$141,NRG_shares!$T$113:$T$141,Techs!$Y78,NRG_shares!$U$113:$U$141,Techs!$AA78) -> 0 | L78: =+SUMIFS(NRG_shares!X$113:X$141,NRG_shares!$T$113:$T$141,Techs!$Y78,NRG_shares!$U$113:$U$141,Techs!$AA78) -> 0 | M78: =+SUMIFS(NRG_shares!Y$113:Y$141,NRG_shares!$T$113:$T$141,Techs!$Y78,NRG_shares!$U$113:$U$141,Techs!$AA78) -> 0.6 | N78: =+SUMIFS(NRG_shares!Z$113:Z$141,NRG_shares!$T$113:$T$141,Techs!$Y78,NRG_shares!$U$113:$U$141,Techs!$AA78) -> 0.4 | O78: 3 | P78: =NRG_shares!J76*NRG_shares!O76*Conversions!$B$3 -> 0.60994668 | R78: I-CAF-OVN-COA-NETS_E0 | S78: Share-O | T78: CAFHTH | U78: 0 | V78: 3 | X78: Industry | Y78: Other Industry | Z78: Non-ETS | AA78: Boiler | AB78: Oil | AH78: OMAHTH | AI78: OMAMTH | AJ78: OMALTH | AK78: OMAHET | AM78: =+B78 -> I-OMA-BLR-OIL-NETS_E0 | AN78: =+AM78 -> I-OMA-BLR-OIL-NETS_E0 | AO78: =+AN78 -> I-OMA-BLR-OIL-NETS_E0 | AP78: =+AO78 -> I-OMA-BLR-OIL-NETS_E0
B79: ="I-"&VLOOKUP(Y79,$AE$6:$AF$71,2,FALSE)&"-"&VLOOKUP(AA79,$AE$6:$AF$71,2,FALSE)&"-"&VLOOKUP(AB79,$AE$6:$AF$71,2,FALSE)&"-"&VLOOKUP(Z79,$AE$6:$AF$71,2,FALSE)&"_E0" -> I-OMA-CHP-OIL-NETS_E0 | C79: =_xlfn.TEXTJOIN(" - ",TRUE,X79,Y79,AA79,AB79,Z79) -> Industry - Other Industry - CHP - Oil - Non-ETS | D79: =VLOOKUP(AB79,$AE$64:$AG$69,3,FALSE) -> INDOIL | E79: =VLOOKUP(Y79,$AE$6:$AF$71,2,FALSE)&"HTH,"&VLOOKUP(Y79,$AE$6:$AF$71,2,FALSE)&"MTH,"&VLOOKUP(Y79,$AE$6:$AF$71,2,FALSE)&"LTH,"&VLOOKUP(Y79,$AE$6:$AF$71,2,FALSE)&"HET" -> OMAHTH,OMAMTH,OMALTH,OMAHET | F79: =+NRG_shares!V77 -> 0.5 | G79: 25 | H79: =IF(P79/I79/J79*1.075<0.001,0,P79/I79/J79*1.075) -> 0.0031388705 | I79: 31.536 | J79: 0.9 | K79: =+SUMIFS(NRG_shares!W$113:W$141,NRG_shares!$T$113:$T$141,Techs!$Y79,NRG_shares!$U$113:$U$141,Techs!$AA79) -> 0 | L79: =+SUMIFS(NRG_shares!X$113:X$141,NRG_shares!$T$113:$T$141,Techs!$Y79,NRG_shares!$U$113:$U$141,Techs!$AA79) -> 0 | M79: =+SUMIFS(NRG_shares!Y$113:Y$141,NRG_shares!$T$113:$T$141,Techs!$Y79,NRG_shares!$U$113:$U$141,Techs!$AA79) -> 1 | N79: =+SUMIFS(NRG_shares!Z$113:Z$141,NRG_shares!$T$113:$T$141,Techs!$Y79,NRG_shares!$U$113:$U$141,Techs!$AA79) -> 0 | O79: 3 | P79: =NRG_shares!J77*NRG_shares!O77*Conversions!$B$3 -> 0.08287319 | R79: I-CAF-OVN-COA-NETS_E0 | S79: Share-O | T79: CAFMTH | U79: 0 | V79: 3 | X79: Industry | Y79: Other Industry | Z79: Non-ETS | AA79: CHP | AB79: Oil | AH79: OMAHTH | AI79: OMAMTH | AJ79: OMALTH | AK79: OMAHET | AM79: =+B79 -> I-OMA-CHP-OIL-NETS_E0 | AN79: =+AM79 -> I-OMA-CHP-OIL-NETS_E0 | AO79: =+AN79 -> I-OMA-CHP-OIL-NETS_E0 | AP79: =+AO79 -> I-OMA-CHP-OIL-NETS_E0
B80: ="I-"&VLOOKUP(Y80,$AE$6:$AF$71,2,FALSE)&"-"&VLOOKUP(AA80,$AE$6:$AF$71,2,FALSE)&"-"&VLOOKUP(AB80,$AE$6:$AF$71,2,FALSE)&"-"&VLOOKUP(Z80,$AE$6:$AF$71,2,FALSE)&"_E0" -> I-OMA-OVN-OIL-NETS_E0 | C80: =_xlfn.TEXTJOIN(" - ",TRUE,X80,Y80,AA80,AB80,Z80) -> Industry - Other Industry - Oven - Oil - Non-ETS | D80: =VLOOKUP(AB80,$AE$64:$AG$69,3,FALSE) -> INDOIL | E80: =VLOOKUP(Y80,$AE$6:$AF$71,2,FALSE)&"HTH,"&VLOOKUP(Y80,$AE$6:$AF$71,2,FALSE)&"MTH,"&VLOOKUP(Y80,$AE$6:$AF$71,2,FALSE)&"LTH,"&VLOOKUP(Y80,$AE$6:$AF$71,2,FALSE)&"HET" -> OMAHTH,OMAMTH,OMALTH,OMAHET | F80: =+NRG_shares!V78 -> 0.92 | G80: 25 | H80: =IF(P80/I80/J80*1.075<0.001,0,P80/I80/J80*1.075) -> 0.0038503479 | I80: 31.536 | J80: 0.9 | K80: =+SUMIFS(NRG_shares!W$113:W$141,NRG_shares!$T$113:$T$141,Techs!$Y80,NRG_shares!$U$113:$U$141,Techs!$AA80) -> 0 | L80: =+SUMIFS(NRG_shares!X$113:X$141,NRG_shares!$T$113:$T$141,Techs!$Y80,NRG_shares!$U$113:$U$141,Techs!$AA80) -> 0 | M80: =+SUMIFS(NRG_shares!Y$113:Y$141,NRG_shares!$T$113:$T$141,Techs!$Y80,NRG_shares!$U$113:$U$141,Techs!$AA80) -> 1 | N80: =+SUMIFS(NRG_shares!Z$113:Z$141,NRG_shares!$T$113:$T$141,Techs!$Y80,NRG_shares!$U$113:$U$141,Techs!$AA80) -> 0 | O80: 3 | P80: =NRG_shares!J78*NRG_shares!O78*Conversions!$B$3 -> 0.10165778 | R80: I-CAF-OVN-COA-NETS_E0 | S80: Share-O | T80: CAFLTH | U80: 1 | V80: 3 | X80: Industry | Y80: Other Industry | Z80: Non-ETS | AA80: Oven | AB80: Oil | AH80: OMAHTH | AI80: OMAMTH | AJ80: OMALTH | AK80: OMAHET | AM80: =+B80 -> I-OMA-OVN-OIL-NETS_E0 | AN80: =+AM80 -> I-OMA-OVN-OIL-NETS_E0 | AO80: =+AN80 -> I-OMA-OVN-OIL-NETS_E0 | AP80: =+AO80 -> I-OMA-OVN-OIL-NETS_E0
B81: ="I-"&VLOOKUP(Y81,$AE$6:$AF$71,2,FALSE)&"-"&VLOOKUP(AA81,$AE$6:$AF$71,2,FALSE)&"-"&VLOOKUP(AB81,$AE$6:$AF$71,2,FALSE)&"-"&VLOOKUP(Z81,$AE$6:$AF$71,2,FALSE)&"_E0" -> I-OMA-FRN-OIL-NETS_E0 | C81: =_xlfn.TEXTJOIN(" - ",TRUE,X81,Y81,AA81,AB81,Z81) -> Industry - Other Industry - Furnace - Oil - Non-ETS | D81: =VLOOKUP(AB81,$AE$64:$AG$69,3,FALSE) -> INDOIL | E81: =VLOOKUP(Y81,$AE$6:$AF$71,2,FALSE)&"HTH,"&VLOOKUP(Y81,$AE$6:$AF$71,2,FALSE)&"MTH,"&VLOOKUP(Y81,$AE$6:$AF$71,2,FALSE)&"LTH,"&VLOOKUP(Y81,$AE$6:$AF$71,2,FALSE)&"HET" -> OMAHTH,OMAMTH,OMALTH,OMAHET | F81: =+NRG_shares!V79 -> 0.85 | G81: 25 | H81: =IF(P81/I81/J81*1.075<0.001,0,P81/I81/J81*1.075) -> 0.0017786933 | I81: 31.536 | J81: 0.9 | K81: =+SUMIFS(NRG_shares!W$113:W$141,NRG_shares!$T$113:$T$141,Techs!$Y81,NRG_shares!$U$113:$U$141,Techs!$AA81) -> 1 | L81: =+SUMIFS(NRG_shares!X$113:X$141,NRG_shares!$T$113:$T$141,Techs!$Y81,NRG_shares!$U$113:$U$141,Techs!$AA81) -> 0 | M81: =+SUMIFS(NRG_shares!Y$113:Y$141,NRG_shares!$T$113:$T$141,Techs!$Y81,NRG_shares!$U$113:$U$141,Techs!$AA81) -> 0 | N81: =+SUMIFS(NRG_shares!Z$113:Z$141,NRG_shares!$T$113:$T$141,Techs!$Y81,NRG_shares!$U$113:$U$141,Techs!$AA81) -> 0 | O81: 3 | P81: =NRG_shares!J79*NRG_shares!O79*Conversions!$B$3 -> 0.046961474 | R81: I-CAF-OVN-COA-NETS_E0 | S81: Share-O | T81: CAFHET | U81: 0 | V81: 3 | X81: Industry | Y81: Other Industry | Z81: Non-ETS | AA81: Furnace | AB81: Oil | AH81: OMAHTH | AI81: OMAMTH | AJ81: OMALTH | AK81: OMAHET | AM81: =+B81 -> I-OMA-FRN-OIL-NETS_E0 | AN81: =+AM81 -> I-OMA-FRN-OIL-NETS_E0 | AO81: =+AN81 -> I-OMA-FRN-OIL-NETS_E0 | AP81: =+AO81 -> I-OMA-FRN-OIL-NETS_E0
B82: ="I-"&VLOOKUP(Y82,$AE$6:$AF$71,2,FALSE)&"-"&VLOOKUP(AA82,$AE$6:$AF$71,2,FALSE)&"-"&VLOOKUP(AB82,$AE$6:$AF$71,2,FALSE)&"-"&VLOOKUP(Z82,$AE$6:$AF$71,2,FALSE)&"_E0" -> I-OMA-DRR-OIL-NETS_E0 | C82: =_xlfn.TEXTJOIN(" - ",TRUE,X82,Y82,AA82,AB82,Z82) -> Industry - Other Industry - Dryer - Oil - Non-ETS | D82: =VLOOKUP(AB82,$AE$64:$AG$69,3,FALSE) -> INDOIL | E82: =VLOOKUP(Y82,$AE$6:$AF$71,2,FALSE)&"HTH,"&VLOOKUP(Y82,$AE$6:$AF$71,2,FALSE)&"MTH,"&VLOOKUP(Y82,$AE$6:$AF$71,2,FALSE)&"LTH,"&VLOOKUP(Y82,$AE$6:$AF$71,2,FALSE)&"HET" -> OMAHTH,OMAMTH,OMALTH,OMAHET | F82: =+NRG_shares!V80 -> 0.92 | G82: 25 | H82: =IF(P82/I82/J82*1.075<0.001,0,P82/I82/J82*1.075) -> 0.0038503479 | I82: 31.536 | J82: 0.9 | K82: =+SUMIFS(NRG_shares!W$113:W$141,NRG_shares!$T$113:$T$141,Techs!$Y82,NRG_shares!$U$113:$U$141,Techs!$AA82) -> 0 | L82: =+SUMIFS(NRG_shares!X$113:X$141,NRG_shares!$T$113:$T$141,Techs!$Y82,NRG_shares!$U$113:$U$141,Techs!$AA82) -> 0 | M82: =+SUMIFS(NRG_shares!Y$113:Y$141,NRG_shares!$T$113:$T$141,Techs!$Y82,NRG_shares!$U$113:$U$141,Techs!$AA82) -> 1 | N82: =+SUMIFS(NRG_shares!Z$113:Z$141,NRG_shares!$T$113:$T$141,Techs!$Y82,NRG_shares!$U$113:$U$141,Techs!$AA82) -> 0 | O82: 3 | P82: =NRG_shares!J80*NRG_shares!O80*Conversions!$B$3 -> 0.10165778 | R82: I-CAF-DRR-COA-NETS_E0 | S82: Share-O | T82: CAFHTH | U82: 0 | V82: 3 | X82: Industry | Y82: Other Industry | Z82: Non-ETS | AA82: Dryer | AB82: Oil | AH82: OMAHTH | AI82: OMAMTH | AJ82: OMALTH | AK82: OMAHET | AM82: =+B82 -> I-OMA-DRR-OIL-NETS_E0 | AN82: =+AM82 -> I-OMA-DRR-OIL-NETS_E0 | AO82: =+AN82 -> I-OMA-DRR-OIL-NETS_E0 | AP82: =+AO82 -> I-OMA-DRR-OIL-NETS_E0
B83: ="I-"&VLOOKUP(Y83,$AE$6:$AF$71,2,FALSE)&"-"&VLOOKUP(AA83,$AE$6:$AF$71,2,FALSE)&"-"&VLOOKUP(AB83,$AE$6:$AF$71,2,FALSE)&"-"&VLOOKUP(Z83,$AE$6:$AF$71,2,FALSE)&"_E0" -> I-OMA-BLR-GAS-NETS_E0 | C83: =_xlfn.TEXTJOIN(" - ",TRUE,X83,Y83,AA83,AB83,Z83) -> Industry - Other Industry - Boiler - Gas - Non-ETS | D83: =VLOOKUP(AB83,$AE$64:$AG$69,3,FALSE) -> INDGAS | E83: =VLOOKUP(Y83,$AE$6:$AF$71,2,FALSE)&"HTH,"&VLOOKUP(Y83,$AE$6:$AF$71,2,FALSE)&"MTH,"&VLOOKUP(Y83,$AE$6:$AF$71,2,FALSE)&"LTH,"&VLOOKUP(Y83,$AE$6:$AF$71,2,FALSE)&"HET" -> OMAHTH,OMAMTH,OMALTH,OMAHET | F83: =+NRG_shares!V81 -> 0.92 | G83: 25 | H83: =IF(P83/I83/J83*1.075<0.001,0,P83/I83/J83*1.075) -> 0.042234075 | I83: 31.536 | J83: 0.9 | K83: =+SUMIFS(NRG_shares!W$113:W$141,NRG_shares!$T$113:$T$141,Techs!$Y83,NRG_shares!$U$113:$U$141,Techs!$AA83) -> 0 | L83: =+SUMIFS(NRG_shares!X$113:X$141,NRG_shares!$T$113:$T$141,Techs!$Y83,NRG_shares!$U$113:$U$141,Techs!$AA83) -> 0 | M83: =+SUMIFS(NRG_shares!Y$113:Y$141,NRG_shares!$T$113:$T$141,Techs!$Y83,NRG_shares!$U$113:$U$141,Techs!$AA83) -> 0.6 | N83: =+SUMIFS(NRG_shares!Z$113:Z$141,NRG_shares!$T$113:$T$141,Techs!$Y83,NRG_shares!$U$113:$U$141,Techs!$AA83) -> 0.4 | O83: 3 | P83: =NRG_shares!J81*NRG_shares!O81*Conversions!$B$3 -> 1.1150739 | R83: I-CAF-DRR-COA-NETS_E0 | S83: Share-O | T83: CAFMTH | U83: 0 | V83: 3 | X83: Industry | Y83: Other Industry | Z83: Non-ETS | AA83: Boiler | AB83: Gas | AH83: OMAHTH | AI83: OMAMTH | AJ83: OMALTH | AK83: OMAHET | AM83: =+B83 -> I-OMA-BLR-GAS-NETS_E0 | AN83: =+AM83 -> I-OMA-BLR-GAS-NETS_E0 | AO83: =+AN83 -> I-OMA-BLR-GAS-NETS_E0 | AP83: =+AO83 -> I-OMA-BLR-GAS-NETS_E0
... B98: ="I-"&VLOOKUP(Y98,$AE$6:$AF$71,2,FALSE)&"-"&VLOOKUP(AA98,$AE$6:$AF$71,2,FALSE)&"-"&VLOOKUP(AB98,$AE$6:$AF$71,2,FALSE)&"-"&VLOOKUP(Z98,$AE$6:$AF$71,2,FALSE)&"_E0" -> I-ONM-DRR-OIL-NETS_E0 | C98: =_xlfn.TEXTJOIN(" - ",TRUE,X98,Y98,AA98,AB98,Z98) -> Industry - Other Minerals - Dryer - Oil - Non-ETS | D98: =VLOOKUP(AB98,$AE$64:$AG$69,3,FALSE) -> INDOIL | E98: =VLOOKUP(Y98,$AE$6:$AF$71,2,FALSE)&"HTH,"&VLOOKUP(Y98,$AE$6:$AF$71,2,FALSE)&"MTH,"&VLOOKUP(Y98,$AE$6:$AF$71,2,FALSE)&"LTH,"&VLOOKUP(Y98,$AE$6:$AF$71,2,FALSE)&"HET" -> ONMHTH,ONMMTH,ONMLTH,ONMHET | F98: =+NRG_shares!V96 -> 0.92 | G98: 25 | H98: =IF(P98/I98/J98*1.075<0.001,0,P98/I98/J98*1.075) -> 0.033802997 | I98: 31.536 | J98: 0.9 | K98: =+SUMIFS(NRG_shares!W$113:W$141,NRG_shares!$T$113:$T$141,Techs!$Y98,NRG_shares!$U$113:$U$141,Techs!$AA98) -> 0 | L98: =+SUMIFS(NRG_shares!X$113:X$141,NRG_shares!$T$113:$T$141,Techs!$Y98,NRG_shares!$U$113:$U$141,Techs!$AA98) -> 1 | M98: =+SUMIFS(NRG_shares!Y$113:Y$141,NRG_shares!$T$113:$T$141,Techs!$Y98,NRG_shares!$U$113:$U$141,Techs!$AA98) -> 0 | N98: =+SUMIFS(NRG_shares!Z$113:Z$141,NRG_shares!$T$113:$T$141,Techs!$Y98,NRG_shares!$U$113:$U$141,Techs!$AA98) -> 0 | O98: 3 | P98: =NRG_shares!J96*NRG_shares!O96*Conversions!$B$3 -> 0.89247459 | R98: I-CAF-DRR-OIL-NETS_E0 | S98: Share-O | T98: CAFHTH | U98: 0 | V98: 3 | X98: Industry | Y98: Other Minerals | Z98: Non-ETS | AA98: Dryer | AB98: Oil | AH98: ONMHTH | AI98: ONMMTH | AJ98: ONMLTH | AK98: ONMHET | AM98: =+B98 -> I-ONM-DRR-OIL-NETS_E0 | AN98: =+AM98 -> I-ONM-DRR-OIL-NETS_E0 | AO98: =+AN98 -> I-ONM-DRR-OIL-NETS_E0 | AP98: =+AO98 -> I-ONM-DRR-OIL-NETS_E0
B99: ="\I: I-"&VLOOKUP(Y99,$AE$6:$AF$71,2,FALSE)&"-"&VLOOKUP(AA99,$AE$6:$AF$71,2,FALSE)&"-"&VLOOKUP(AB99,$AE$6:$AF$71,2,FALSE)&"-"&VLOOKUP(Z99,$AE$6:$AF$71,2,FALSE)&"_E0" -> \I: I-REF-BLR-GAS-ETS_E0 | C99: =_xlfn.TEXTJOIN(" - ",TRUE,X99,Y99,AA99,AB99,Z99) -> Industry - Refining - Boiler - Gas - ETS | D99: =VLOOKUP(AB99,$AE$64:$AG$69,3,FALSE) -> INDGAS | E99: =VLOOKUP(Y99,$AE$6:$AF$71,2,FALSE)&"HTH,"&VLOOKUP(Y99,$AE$6:$AF$71,2,FALSE)&"MTH,"&VLOOKUP(Y99,$AE$6:$AF$71,2,FALSE)&"LTH,"&VLOOKUP(Y99,$AE$6:$AF$71,2,FALSE)&"HET" -> REFHTH,REFMTH,REFLTH,REFHET | F99: =+NRG_shares!V97 -> 0.92 | G99: 25 | H99: =IF(P99/I99/J99*1.075<0.001,0,P99/I99/J99*1.075) -> 0.017789186 | I99: 31.536 | J99: 0.9 | K99: =+SUMIFS(NRG_shares!W$113:W$141,NRG_shares!$T$113:$T$141,Techs!$Y99,NRG_shares!$U$113:$U$141,Techs!$AA99) -> 0 | L99: =+SUMIFS(NRG_shares!X$113:X$141,NRG_shares!$T$113:$T$141,Techs!$Y99,NRG_shares!$U$113:$U$141,Techs!$AA99) -> 1 | M99: =+SUMIFS(NRG_shares!Y$113:Y$141,NRG_shares!$T$113:$T$141,Techs!$Y99,NRG_shares!$U$113:$U$141,Techs!$AA99) -> 0 | N99: =+SUMIFS(NRG_shares!Z$113:Z$141,NRG_shares!$T$113:$T$141,Techs!$Y99,NRG_shares!$U$113:$U$141,Techs!$AA99) -> 0 | O99: 3 | P99: =NRG_shares!J97*NRG_shares!O97*Conversions!$B$3 -> 0.46967422 | R99: I-CAF-DRR-OIL-NETS_E0 | S99: Share-O | T99: CAFMTH | U99: 0 | V99: 3 | X99: Industry | Y99: Refining | Z99: ETS | AA99: Boiler | AB99: Gas | AH99: REFHTH | AI99: REFMTH | AJ99: REFLTH | AK99: REFHET | AM99: =+B99 -> \I: I-REF-BLR-GAS-ETS_E0 | AN99: =+AM99 -> \I: I-REF-BLR-GAS-ETS_E0 | AO99: =+AN99 -> \I: I-REF-BLR-GAS-ETS_E0 | AP99: =+AO99 -> \I: I-REF-BLR-GAS-ETS_E0
B100: ="\I: I-"&VLOOKUP(Y100,$AE$6:$AF$71,2,FALSE)&"-"&VLOOKUP(AA100,$AE$6:$AF$71,2,FALSE)&"-"&VLOOKUP(AB100,$AE$6:$AF$71,2,FALSE)&"-"&VLOOKUP(Z100,$AE$6:$AF$71,2,FALSE)&"_E0" -> \I: I-REF-CHP-GAS-ETS_E0 | C100: =_xlfn.TEXTJOIN(" - ",TRUE,X100,Y100,AA100,AB100,Z100) -> Industry - Refining - CHP - Gas - ETS | D100: =VLOOKUP(AB100,$AE$64:$AG$69,3,FALSE) -> INDGAS | E100: =VLOOKUP(Y100,$AE$6:$AF$71,2,FALSE)&"HTH,"&VLOOKUP(Y100,$AE$6:$AF$71,2,FALSE)&"MTH,"&VLOOKUP(Y100,$AE$6:$AF$71,2,FALSE)&"LTH,"&VLOOKUP(Y100,$AE$6:$AF$71,2,FALSE)&"HET" -> REFHTH,REFMTH,REFLTH,REFHET | F100: =+NRG_shares!V98 -> 0.5 | G100: 25 | H100: =IF(P100/I100/J100*1.075<0.001,0,P100/I100/J100*1.075) -> 0.019336072 | I100: 31.536 | J100: 0.9 | K100: =+SUMIFS(NRG_shares!W$113:W$141,NRG_shares!$T$113:$T$141,Techs!$Y100,NRG_shares!$U$113:$U$141,Techs!$AA100) -> 0 | L100: =+SUMIFS(NRG_shares!X$113:X$141,NRG_shares!$T$113:$T$141,Techs!$Y100,NRG_shares!$U$113:$U$141,Techs!$AA100) -> 1 | M100: =+SUMIFS(NRG_shares!Y$113:Y$141,NRG_shares!$T$113:$T$141,Techs!$Y100,NRG_shares!$U$113:$U$141,Techs!$AA100) -> 0 | N100: =+SUMIFS(NRG_shares!Z$113:Z$141,NRG_shares!$T$113:$T$141,Techs!$Y100,NRG_shares!$U$113:$U$141,Techs!$AA100) -> 0 | O100: 3 | P100: =NRG_shares!J98*NRG_shares!O98*Conversions!$B$3 -> 0.51051546 | R100: I-CAF-DRR-OIL-NETS_E0 | S100: Share-O | T100: CAFLTH | U100: 1 | V100: 3 | X100: Industry | Y100: Refining | Z100: ETS | AA100: CHP | AB100: Gas | AH100: REFHTH | AI100: REFMTH | AJ100: REFLTH | AK100: REFHET | AM100: =+B100 -> \I: I-REF-CHP-GAS-ETS_E0 | AN100: =+AM100 -> \I: I-REF-CHP-GAS-ETS_E0 | AO100: =+AN100 -> \I: I-REF-CHP-GAS-ETS_E0 | AP100: =+AO100 -> \I: I-REF-CHP-GAS-ETS_E0
B101: ="\I: I-"&VLOOKUP(Y101,$AE$6:$AF$71,2,FALSE)&"-"&VLOOKUP(AA101,$AE$6:$AF$71,2,FALSE)&"-"&VLOOKUP(AB101,$AE$6:$AF$71,2,FALSE)&"-"&VLOOKUP(Z101,$AE$6:$AF$71,2,FALSE)&"_E0" -> \I: I-REF-FRN-GAS-ETS_E0 | C101: =_xlfn.TEXTJOIN(" - ",TRUE,X101,Y101,AA101,AB101,Z101) -> Industry - Refining - Furnace - Gas - ETS | D101: =VLOOKUP(AB101,$AE$64:$AG$69,3,FALSE) -> INDGAS | E101: =VLOOKUP(Y101,$AE$6:$AF$71,2,FALSE)&"HTH,"&VLOOKUP(Y101,$AE$6:$AF$71,2,FALSE)&"MTH,"&VLOOKUP(Y101,$AE$6:$AF$71,2,FALSE)&"LTH,"&VLOOKUP(Y101,$AE$6:$AF$71,2,FALSE)&"HET" -> REFHTH,REFMTH,REFLTH,REFHET | F101: =+NRG_shares!V99 -> 0.85 | G101: 25 | H101: =IF(P101/I101/J101*1.075<0.001,0,P101/I101/J101*1.075) -> 0.11504963 | I101: 31.536 | J101: 0.9 | K101: =+SUMIFS(NRG_shares!W$113:W$141,NRG_shares!$T$113:$T$141,Techs!$Y101,NRG_shares!$U$113:$U$141,Techs!$AA101) -> 0 | L101: =+SUMIFS(NRG_shares!X$113:X$141,NRG_shares!$T$113:$T$141,Techs!$Y101,NRG_shares!$U$113:$U$141,Techs!$AA101) -> 1 | M101: =+SUMIFS(NRG_shares!Y$113:Y$141,NRG_shares!$T$113:$T$141,Techs!$Y101,NRG_shares!$U$113:$U$141,Techs!$AA101) -> 0 | N101: =+SUMIFS(NRG_shares!Z$113:Z$141,NRG_shares!$T$113:$T$141,Techs!$Y101,NRG_shares!$U$113:$U$141,Techs!$AA101) -> 0 | O101: 3 | P101: =NRG_shares!J99*NRG_shares!O99*Conversions!$B$3 -> 3.037567 | R101: I-CAF-DRR-OIL-NETS_E0 | S101: Share-O | T101: CAFHET | U101: 0 | V101: 3 | X101: Industry | Y101: Refining | Z101: ETS | AA101: Furnace | AB101: Gas | AH101: REFHTH | AI101: REFMTH | AJ101: REFLTH | AK101: REFHET | AM101: =+B101 -> \I: I-REF-FRN-GAS-ETS_E0 | AN101: =+AM101 -> \I: I-REF-FRN-GAS-ETS_E0 | AO101: =+AN101 -> \I: I-REF-FRN-GAS-ETS_E0 | AP101: =+AO101 -> \I: I-REF-FRN-GAS-ETS_E0
B102: ="I-"&VLOOKUP(Y102,$AE$6:$AF$71,2,FALSE)&"-"&VLOOKUP(AA102,$AE$6:$AF$71,2,FALSE)&"-"&VLOOKUP(AB102,$AE$6:$AF$71,2,FALSE)&"-"&VLOOKUP(Z102,$AE$6:$AF$71,2,FALSE)&"_E0" -> I-WAP-BLR-BIO-ETS_E0 | C102: =_xlfn.TEXTJOIN(" - ",TRUE,X102,Y102,AA102,AB102,Z102) -> Industry - Wood Products - Boiler - Bio fuel - ETS | D102: =VLOOKUP(AB102,$AE$64:$AG$69,3,FALSE) -> INDBIO | E102: =VLOOKUP(Y102,$AE$6:$AF$71,2,FALSE)&"HTH,"&VLOOKUP(Y102,$AE$6:$AF$71,2,FALSE)&"MTH,"&VLOOKUP(Y102,$AE$6:$AF$71,2,FALSE)&"LTH,"&VLOOKUP(Y102,$AE$6:$AF$71,2,FALSE)&"HET" -> WAPHTH,WAPMTH,WAPLTH,WAPHET | F102: =+NRG_shares!V100 -> 0.92 | G102: 25 | H102: =IF(P102/I102/J102*1.075<0.001,0,P102/I102/J102*1.075) -> 0.047897385 | I102: 31.536 | J102: 0.9 | K102: =+SUMIFS(NRG_shares!W$113:W$141,NRG_shares!$T$113:$T$141,Techs!$Y102,NRG_shares!$U$113:$U$141,Techs!$AA102) -> 0 | L102: =+SUMIFS(NRG_shares!X$113:X$141,NRG_shares!$T$113:$T$141,Techs!$Y102,NRG_shares!$U$113:$U$141,Techs!$AA102) -> 0 | M102: =+SUMIFS(NRG_shares!Y$113:Y$141,NRG_shares!$T$113:$T$141,Techs!$Y102,NRG_shares!$U$113:$U$141,Techs!$AA102) -> 1 | N102: =+SUMIFS(NRG_shares!Z$113:Z$141,NRG_shares!$T$113:$T$141,Techs!$Y102,NRG_shares!$U$113:$U$141,Techs!$AA102) -> 0 | O102: 3 | P102: =NRG_shares!J100*NRG_shares!O100*Conversions!$B$3 -> 1.2645979 | R102: I-CAF-BLR-GAS-NETS_E0 | S102: Share-O | T102: CAFHTH | U102: 0 | V102: 3 | X102: Industry | Y102: Wood Products | Z102: ETS | AA102: Boiler | AB102: Bio fuel | AH102: WAPHTH | AI102: WAPMTH | AJ102: WAPLTH | AK102: WAPHET | AM102: =+B102 -> I-WAP-BLR-BIO-ETS_E0 | AN102: =+AM102 -> I-WAP-BLR-BIO-ETS_E0 | AO102: =+AN102 -> I-WAP-BLR-BIO-ETS_E0 | AP102: =+AO102 -> I-WAP-BLR-BIO-ETS_E0
B103: ="I-"&VLOOKUP(Y103,$AE$6:$AF$71,2,FALSE)&"-"&VLOOKUP(AA103,$AE$6:$AF$71,2,FALSE)&"-"&VLOOKUP(AB103,$AE$6:$AF$71,2,FALSE)&"-"&VLOOKUP(Z103,$AE$6:$AF$71,2,FALSE)&"_E0" -> I-WAP-DRR-BIO-ETS_E0 | C103: =_xlfn.TEXTJOIN(" - ",TRUE,X103,Y103,AA103,AB103,Z103) -> Industry - Wood Products - Dryer - Bio fuel - ETS | D103: =VLOOKUP(AB103,$AE$64:$AG$69,3,FALSE) -> INDBIO | E103: =VLOOKUP(Y103,$AE$6:$AF$71,2,FALSE)&"HTH,"&VLOOKUP(Y103,$AE$6:$AF$71,2,FALSE)&"MTH,"&VLOOKUP(Y103,$AE$6:$AF$71,2,FALSE)&"LTH,"&VLOOKUP(Y103,$AE$6:$AF$71,2,FALSE)&"HET" -> WAPHTH,WAPMTH,WAPLTH,WAPHET | F103: =+NRG_shares!V101 -> 0.92 | G103: 25 | H103: =IF(P103/I103/J103*1.075<0.001,0,P103/I103/J103*1.075) -> 0.071846077 | I103: 31.536 | J103: 0.9 | K103: =+SUMIFS(NRG_shares!W$113:W$141,NRG_shares!$T$113:$T$141,Techs!$Y103,NRG_shares!$U$113:$U$141,Techs!$AA103) -> 0 | L103: =+SUMIFS(NRG_shares!X$113:X$141,NRG_shares!$T$113:$T$141,Techs!$Y103,NRG_shares!$U$113:$U$141,Techs!$AA103) -> 0 | M103: =+SUMIFS(NRG_shares!Y$113:Y$141,NRG_shares!$T$113:$T$141,Techs!$Y103,NRG_shares!$U$113:$U$141,Techs!$AA103) -> 1 | N103: =+SUMIFS(NRG_shares!Z$113:Z$141,NRG_shares!$T$113:$T$141,Techs!$Y103,NRG_shares!$U$113:$U$141,Techs!$AA103) -> 0 | O103: 3 | P103: =NRG_shares!J101*NRG_shares!O101*Conversions!$B$3 -> 1.8968968 | R103: I-CAF-BLR-GAS-NETS_E0 | S103: Share-O | T103: CAFMTH | U103: 0.1 | V103: 3 | X103: Industry | Y103: Wood Products | Z103: ETS | AA103: Dryer | AB103: Bio fuel | AH103: WAPHTH | AI103: WAPMTH | AJ103: WAPLTH | AK103: WAPHET | AM103: =+B103 -> I-WAP-DRR-BIO-ETS_E0 | AN103: =+AM103 -> I-WAP-DRR-BIO-ETS_E0 | AO103: =+AN103 -> I-WAP-DRR-BIO-ETS_E0 | AP103: =+AO103 -> I-WAP-DRR-BIO-ETS_E0
B104: ="I-"&VLOOKUP(Y104,$AE$6:$AF$71,2,FALSE)&"-"&VLOOKUP(AA104,$AE$6:$AF$71,2,FALSE)&"-"&VLOOKUP(AB104,$AE$6:$AF$71,2,FALSE)&"-"&VLOOKUP(Z104,$AE$6:$AF$71,2,FALSE)&"_E0" -> I-WAP-BLR-BIO-NETS_E0 | C104: =_xlfn.TEXTJOIN(" - ",TRUE,X104,Y104,AA104,AB104,Z104) -> Industry - Wood Products - Boiler - Bio fuel - Non-ETS | D104: =VLOOKUP(AB104,$AE$64:$AG$69,3,FALSE) -> INDBIO | E104: =VLOOKUP(Y104,$AE$6:$AF$71,2,FALSE)&"HTH,"&VLOOKUP(Y104,$AE$6:$AF$71,2,FALSE)&"MTH,"&VLOOKUP(Y104,$AE$6:$AF$71,2,FALSE)&"LTH,"&VLOOKUP(Y104,$AE$6:$AF$71,2,FALSE)&"HET" -> WAPHTH,WAPMTH,WAPLTH,WAPHET | F104: =+NRG_shares!V102 -> 0.92 | G104: 25 | H104: =IF(P104/I104/J104*1.075<0.001,0,P104/I104/J104*1.075) -> 0.04042672 | I104: 31.536 | J104: 0.9 | K104: =+SUMIFS(NRG_shares!W$113:W$141,NRG_shares!$T$113:$T$141,Techs!$Y104,NRG_shares!$U$113:$U$141,Techs!$AA104) -> 0 | L104: =+SUMIFS(NRG_shares!X$113:X$141,NRG_shares!$T$113:$T$141,Techs!$Y104,NRG_shares!$U$113:$U$141,Techs!$AA104) -> 0 | M104: =+SUMIFS(NRG_shares!Y$113:Y$141,NRG_shares!$T$113:$T$141,Techs!$Y104,NRG_shares!$U$113:$U$141,Techs!$AA104) -> 1 | N104: =+SUMIFS(NRG_shares!Z$113:Z$141,NRG_shares!$T$113:$T$141,Techs!$Y104,NRG_shares!$U$113:$U$141,Techs!$AA104) -> 0 | O104: 3 | P104: =NRG_shares!J102*NRG_shares!O102*Conversions!$B$3 -> 1.0673557 | R104: I-CAF-BLR-GAS-NETS_E0 | S104: Share-O | T104: CAFLTH | U104: 0.7 | V104: 3 | X104: Industry | Y104: Wood Products | Z104: Non-ETS | AA104: Boiler | AB104: Bio fuel | AH104: WAPHTH | AI104: WAPMTH | AJ104: WAPLTH | AK104: WAPHET | AM104: =+B104 -> I-WAP-BLR-BIO-NETS_E0 | AN104: =+AM104 -> I-WAP-BLR-BIO-NETS_E0 | AO104: =+AN104 -> I-WAP-BLR-BIO-NETS_E0 | AP104: =+AO104 -> I-WAP-BLR-BIO-NETS_E0
B105: ="I-"&VLOOKUP(Y105,$AE$6:$AF$71,2,FALSE)&"-"&VLOOKUP(AA105,$AE$6:$AF$71,2,FALSE)&"-"&VLOOKUP(AB105,$AE$6:$AF$71,2,FALSE)&"-"&VLOOKUP(Z105,$AE$6:$AF$71,2,FALSE)&"_E0" -> I-WAP-DRR-BIO-NETS_E0 | C105: =_xlfn.TEXTJOIN(" - ",TRUE,X105,Y105,AA105,AB105,Z105) -> Industry - Wood Products - Dryer - Bio fuel - Non-ETS | D105: =VLOOKUP(AB105,$AE$64:$AG$69,3,FALSE) -> INDBIO | E105: =VLOOKUP(Y105,$AE$6:$AF$71,2,FALSE)&"HTH,"&VLOOKUP(Y105,$AE$6:$AF$71,2,FALSE)&"MTH,"&VLOOKUP(Y105,$AE$6:$AF$71,2,FALSE)&"LTH,"&VLOOKUP(Y105,$AE$6:$AF$71,2,FALSE)&"HET" -> WAPHTH,WAPMTH,WAPLTH,WAPHET | F105: =+NRG_shares!V103 -> 0.92 | G105: 25 | H105: =IF(P105/I105/J105*1.075<0.001,0,P105/I105/J105*1.075) -> 0.026951147 | I105: 31.536 | J105: 0.9 | K105: =+SUMIFS(NRG_shares!W$113:W$141,NRG_shares!$T$113:$T$141,Techs!$Y105,NRG_shares!$U$113:$U$141,Techs!$AA105) -> 0 | L105: =+SUMIFS(NRG_shares!X$113:X$141,NRG_shares!$T$113:$T$141,Techs!$Y105,NRG_shares!$U$113:$U$141,Techs!$AA105) -> 0 | M105: =+SUMIFS(NRG_shares!Y$113:Y$141,NRG_shares!$T$113:$T$141,Techs!$Y105,NRG_shares!$U$113:$U$141,Techs!$AA105) -> 1 | N105: =+SUMIFS(NRG_shares!Z$113:Z$141,NRG_shares!$T$113:$T$141,Techs!$Y105,NRG_shares!$U$113:$U$141,Techs!$AA105) -> 0 | O105: 3 | P105: =NRG_shares!J103*NRG_shares!O103*Conversions!$B$3 -> 0.71157045 | R105: I-CAF-BLR-GAS-NETS_E0 | S105: Share-O | T105: CAFHET | U105: 0.2 | V105: 3 | X105: Industry | Y105: Wood Products | Z105: Non-ETS | AA105: Dryer | AB105: Bio fuel | AH105: WAPHTH | AI105: WAPMTH | AJ105: WAPLTH | AK105: WAPHET | AM105: =+B105 -> I-WAP-DRR-BIO-NETS_E0 | AN105: =+AM105 -> I-WAP-DRR-BIO-NETS_E0 | AO105: =+AN105 -> I-WAP-DRR-BIO-NETS_E0 | AP105: =+AO105 -> I-WAP-DRR-BIO-NETS_E0
B106: ="I-"&VLOOKUP(Y106,$AE$6:$AF$71,2,FALSE)&"-"&VLOOKUP(AA106,$AE$6:$AF$71,2,FALSE)&"-"&VLOOKUP(AB106,$AE$6:$AF$71,2,FALSE)&"-"&VLOOKUP(Z106,$AE$6:$AF$71,2,FALSE)&"_E0" -> I-WAP-BLR-OIL-NETS_E0 | C106: =_xlfn.TEXTJOIN(" - ",TRUE,X106,Y106,AA106,AB106,Z106) -> Industry - Wood Products - Boiler - Oil - Non-ETS | D106: =VLOOKUP(AB106,$AE$64:$AG$69,3,FALSE) -> INDOIL | E106: =VLOOKUP(Y106,$AE$6:$AF$71,2,FALSE)&"HTH,"&VLOOKUP(Y106,$AE$6:$AF$71,2,FALSE)&"MTH,"&VLOOKUP(Y106,$AE$6:$AF$71,2,FALSE)&"LTH,"&VLOOKUP(Y106,$AE$6:$AF$71,2,FALSE)&"HET" -> WAPHTH,WAPMTH,WAPLTH,WAPHET | F106: =+NRG_shares!V104 -> 0.92 | G106: 25 | H106: =IF(P106/I106/J106*1.075<0.001,0,P106/I106/J106*1.075) -> 0.0018943034 | I106: 31.536 | J106: 0.9 | K106: =+SUMIFS(NRG_shares!W$113:W$141,NRG_shares!$T$113:$T$141,Techs!$Y106,NRG_shares!$U$113:$U$141,Techs!$AA106) -> 0 | L106: =+SUMIFS(NRG_shares!X$113:X$141,NRG_shares!$T$113:$T$141,Techs!$Y106,NRG_shares!$U$113:$U$141,Techs!$AA106) -> 0 | M106: =+SUMIFS(NRG_shares!Y$113:Y$141,NRG_shares!$T$113:$T$141,Techs!$Y106,NRG_shares!$U$113:$U$141,Techs!$AA106) -> 1 | N106: =+SUMIFS(NRG_shares!Z$113:Z$141,NRG_shares!$T$113:$T$141,Techs!$Y106,NRG_shares!$U$113:$U$141,Techs!$AA106) -> 0 | O106: 3 | P106: =NRG_shares!J104*NRG_shares!O104*Conversions!$B$3 -> 0.050013839 | R106: I-CAF-CHP-GAS-NETS_E0 | S106: Share-O | T106: CAFHTH | U106: 0 | V106: 3 | X106: Industry | Y106: Wood Products | Z106: Non-ETS | AA106: Boiler | AB106: Oil | AH106: WAPHTH | AI106: WAPMTH | AJ106: WAPLTH | AK106: WAPHET | AM106: =+B106 -> I-WAP-BLR-OIL-NETS_E0 | AN106: =+AM106 -> I-WAP-BLR-OIL-NETS_E0 | AO106: =+AN106 -> I-WAP-BLR-OIL-NETS_E0 | AP106: =+AO106 -> I-WAP-BLR-OIL-NETS_E0
B107: ="I-"&VLOOKUP(Y107,$AE$6:$AF$71,2,FALSE)&"-"&VLOOKUP(AA107,$AE$6:$AF$71,2,FALSE)&"-"&VLOOKUP(AB107,$AE$6:$AF$71,2,FALSE)&"-"&VLOOKUP(Z107,$AE$6:$AF$71,2,FALSE)&"_E0" -> I-WAP-DRR-OIL-NETS_E0 | C107: =_xlfn.TEXTJOIN(" - ",TRUE,X107,Y107,AA107,AB107,Z107) -> Industry - Wood Products - Dryer - Oil - Non-ETS | D107: =VLOOKUP(AB107,$AE$64:$AG$69,3,FALSE) -> INDOIL | E107: =VLOOKUP(Y107,$AE$6:$AF$71,2,FALSE)&"HTH,"&VLOOKUP(Y107,$AE$6:$AF$71,2,FALSE)&"MTH,"&VLOOKUP(Y107,$AE$6:$AF$71,2,FALSE)&"LTH,"&VLOOKUP(Y107,$AE$6:$AF$71,2,FALSE)&"HET" -> WAPHTH,WAPMTH,WAPLTH,WAPHET | F107: =+NRG_shares!V105 -> 0.92 | G107: 25 | H107: =IF(P107/I107/J107*1.075<0.001,0,P107/I107/J107*1.075) -> 0.0012628689 | I107: 31.536 | J107: 0.9 | K107: =+SUMIFS(NRG_shares!W$113:W$141,NRG_shares!$T$113:$T$141,Techs!$Y107,NRG_shares!$U$113:$U$141,Techs!$AA107) -> 0 | L107: =+SUMIFS(NRG_shares!X$113:X$141,NRG_shares!$T$113:$T$141,Techs!$Y107,NRG_shares!$U$113:$U$141,Techs!$AA107) -> 0 | M107: =+SUMIFS(NRG_shares!Y$113:Y$141,NRG_shares!$T$113:$T$141,Techs!$Y107,NRG_shares!$U$113:$U$141,Techs!$AA107) -> 1 | N107: =+SUMIFS(NRG_shares!Z$113:Z$141,NRG_shares!$T$113:$T$141,Techs!$Y107,NRG_shares!$U$113:$U$141,Techs!$AA107) -> 0 | O107: 3 | P107: =NRG_shares!J105*NRG_shares!O105*Conversions!$B$3 -> 0.033342559 | R107: I-CAF-CHP-GAS-NETS_E0 | S107: Share-O | T107: CAFMTH | U107: 1 | V107: 3 | X107: Industry | Y107: Wood Products | Z107: Non-ETS | AA107: Dryer | AB107: Oil | AH107: WAPHTH | AI107: WAPMTH | AJ107: WAPLTH | AK107: WAPHET | AM107: =+B107 -> I-WAP-DRR-OIL-NETS_E0 | AN107: =+AM107 -> I-WAP-DRR-OIL-NETS_E0 | AO107: =+AN107 -> I-WAP-DRR-OIL-NETS_E0 | AP107: =+AO107 -> I-WAP-DRR-OIL-NETS_E0
B108: ="I-"&VLOOKUP(Y108,$AE$6:$AF$71,2,FALSE)&"-"&VLOOKUP(AA108,$AE$6:$AF$71,2,FALSE)&"-"&VLOOKUP(AB108,$AE$6:$AF$71,2,FALSE)&"-"&VLOOKUP(Z108,$AE$6:$AF$71,2,FALSE)&"_E0" -> I-WAP-BLR-GAS-NETS_E0 | C108: =_xlfn.TEXTJOIN(" - ",TRUE,X108,Y108,AA108,AB108,Z108) -> Industry - Wood Products - Boiler - Gas - Non-ETS | D108: =VLOOKUP(AB108,$AE$64:$AG$69,3,FALSE) -> INDGAS | E108: =VLOOKUP(Y108,$AE$6:$AF$71,2,FALSE)&"HTH,"&VLOOKUP(Y108,$AE$6:$AF$71,2,FALSE)&"MTH,"&VLOOKUP(Y108,$AE$6:$AF$71,2,FALSE)&"LTH,"&VLOOKUP(Y108,$AE$6:$AF$71,2,FALSE)&"HET" -> WAPHTH,WAPMTH,WAPLTH,WAPHET | F108: =+NRG_shares!V106 -> 0.92 | G108: 25 | H108: =IF(P108/I108/J108*1.075<0.001,0,P108/I108/J108*1.075) -> 0 | I108: 31.536 | J108: 0.9 | K108: =+SUMIFS(NRG_shares!W$113:W$141,NRG_shares!$T$113:$T$141,Techs!$Y108,NRG_shares!$U$113:$U$141,Techs!$AA108) -> 0 | L108: =+SUMIFS(NRG_shares!X$113:X$141,NRG_shares!$T$113:$T$141,Techs!$Y108,NRG_shares!$U$113:$U$141,Techs!$AA108) -> 0 | M108: =+SUMIFS(NRG_shares!Y$113:Y$141,NRG_shares!$T$113:$T$141,Techs!$Y108,NRG_shares!$U$113:$U$141,Techs!$AA108) -> 1 | N108: =+SUMIFS(NRG_shares!Z$113:Z$141,NRG_shares!$T$113:$T$141,Techs!$Y108,NRG_shares!$U$113:$U$141,Techs!$AA108) -> 0 | O108: 3 | P108: =NRG_shares!J106*NRG_shares!O106*Conversions!$B$3 -> 0.014734228 | R108: I-CAF-CHP-GAS-NETS_E0 | S108: Share-O | T108: CAFLTH | U108: 0 | V108: 3 | X108: Industry | Y108: Wood Products | Z108: Non-ETS | AA108: Boiler | AB108: Gas | AH108: WAPHTH | AI108: WAPMTH | AJ108: WAPLTH | AK108: WAPHET | AM108: =+B108 -> I-WAP-BLR-GAS-NETS_E0 | AN108: =+AM108 -> I-WAP-BLR-GAS-NETS_E0 | AO108: =+AN108 -> I-WAP-BLR-GAS-NETS_E0 | AP108: =+AO108 -> I-WAP-BLR-GAS-NETS_E0
B109: ="I-"&VLOOKUP(Y109,$AE$6:$AF$71,2,FALSE)&"-"&VLOOKUP(AA109,$AE$6:$AF$71,2,FALSE)&"-"&VLOOKUP(AB109,$AE$6:$AF$71,2,FALSE)&"-"&VLOOKUP(Z109,$AE$6:$AF$71,2,FALSE)&"_E0" -> I-WAP-DRR-GAS-NETS_E0 | C109: =_xlfn.TEXTJOIN(" - ",TRUE,X109,Y109,AA109,AB109,Z109) -> Industry - Wood Products - Dryer - Gas - Non-ETS | D109: =VLOOKUP(AB109,$AE$64:$AG$69,3,FALSE) -> INDGAS | E109: =VLOOKUP(Y109,$AE$6:$AF$71,2,FALSE)&"HTH,"&VLOOKUP(Y109,$AE$6:$AF$71,2,FALSE)&"MTH,"&VLOOKUP(Y109,$AE$6:$AF$71,2,FALSE)&"LTH,"&VLOOKUP(Y109,$AE$6:$AF$71,2,FALSE)&"HET" -> WAPHTH,WAPMTH,WAPLTH,WAPHET | F109: =+NRG_shares!V107 -> 0.92 | G109: 25 | H109: =IF(P109/I109/J109*1.075<0.001,0,P109/I109/J109*1.075) -> 0 | I109: 31.536 | J109: 0.9 | K109: =+SUMIFS(NRG_shares!W$113:W$141,NRG_shares!$T$113:$T$141,Techs!$Y109,NRG_shares!$U$113:$U$141,Techs!$AA109) -> 0 | L109: =+SUMIFS(NRG_shares!X$113:X$141,NRG_shares!$T$113:$T$141,Techs!$Y109,NRG_shares!$U$113:$U$141,Techs!$AA109) -> 0 | M109: =+SUMIFS(NRG_shares!Y$113:Y$141,NRG_shares!$T$113:$T$141,Techs!$Y109,NRG_shares!$U$113:$U$141,Techs!$AA109) -> 1 | N109: =+SUMIFS(NRG_shares!Z$113:Z$141,NRG_shares!$T$113:$T$141,Techs!$Y109,NRG_shares!$U$113:$U$141,Techs!$AA109) -> 0 | O109: 3 | P109: =NRG_shares!J107*NRG_shares!O107*Conversions!$B$3 -> 0.0098228184 | R109: I-CAF-CHP-GAS-NETS_E0 | S109: Share-O | T109: CAFHET | U109: 0 | V109: 3 | X109: Industry | Y109: Wood Products | Z109: Non-ETS | AA109: Dryer | AB109: Gas | AH109: WAPHTH | AI109: WAPMTH | AJ109: WAPLTH | AK109: WAPHET | AM109: =+B109 -> I-WAP-DRR-GAS-NETS_E0 | AN109: =+AM109 -> I-WAP-DRR-GAS-NETS_E0 | AO109: =+AN109 -> I-WAP-DRR-GAS-NETS_E0 | AP109: =+AO109 -> I-WAP-DRR-GAS-NETS_E0
R110: I-CAF-OVN-GAS-NETS_E0 | S110: Share-O | T110: CAFHTH | U110: 0 | V110: 3
R111: I-CAF-OVN-GAS-NETS_E0 | S111: Share-O | T111: CAFMTH | U111: 0 | V111: 3
R112: I-CAF-OVN-GAS-NETS_E0 | S112: Share-O | T112: CAFLTH | U112: 1 | V112: 3
R113: I-CAF-OVN-GAS-NETS_E0 | S113: Share-O | T113: CAFHET | U113: 0 | V113: 3
R114: I-CAF-DRR-GAS-NETS_E0 | S114: Share-O | T114: CAFHTH | U114: 0 | V114: 3
R115: I-CAF-DRR-GAS-NETS_E0 | S115: Share-O | T115: CAFMTH | U115: 0 | V115: 3
R116: I-CAF-DRR-GAS-NETS_E0 | S116: Share-O | T116: CAFLTH | U116: 1 | V116: 3
R117: I-CAF-DRR-GAS-NETS_E0 | S117: Share-O | T117: CAFHET | U117: 0 | V117: 3
R118: I-FAP-BLR-BIO-ETS_E0 | S118: Share-O | T118: FAPHTH | U118: 0 | V118: 3
R119: I-FAP-BLR-BIO-ETS_E0 | S119: Share-O | T119: FAPMTH | U119: 0.1 | V119: 3
R120: I-FAP-BLR-BIO-ETS_E0 | S120: Share-O | T120: FAPLTH | U120: 0.6 | V120: 3
R121: I-FAP-BLR-BIO-ETS_E0 | S121: Share-O | T121: FAPHET | U121: 0.3 | V121: 3
... R421: I-WAP-DRR-GAS-NETS_E0 | S421: Share-O | T421: WAPHET | U421: 0 | V421: 3

Sheet Demands
B2: ~FI_T:COM_PROJ~2018
B3: CommName | C3: =Regions!C3 -> IE | D3: =Regions!D3 -> National
B4: =Commodities!D27 -> ICEM | C4: 0.52 | D4: =C4 -> 0.52 | H4: Cement | M4: Table Name: | N4: Unsaved_144844
B5: =Commodities!D28 -> ICAF | C5: =+ROUNDDOWN(SUMIF(Techs!$Y$6:$Y$109,Demands!H5,Techs!$P$6:$P$109),1) -> 5.7 | D5: =C5 -> 5.7 | H5: Chemicals | M5: Attribute | N5: Commodity | O5: 2018 | P5: 2019
B6: =Commodities!D29 -> IFAP | C6: =+ROUNDDOWN(SUMIF(Techs!$Y$6:$Y$109,Demands!H6,Techs!$P$6:$P$109),1) -> 13.4 | D6: =C6 -> 13.4 | H6: Food and Drink | M6: VAR_FIn | N6: INDBIO | O6: 6.3516869 | P6: 6.2796508 | T6: Bio waste | U6: 1.6912149
B7: =Commodities!D30 -> ILIM | C7: =+ROUNDDOWN(SUMIF(Techs!$Y$6:$Y$109,Demands!H7,Techs!$P$6:$P$109),1) -> 1.3 | D7: =C7 -> 1.3 | H7: Lime | M7: VAR_FIn | N7: INDCOA | O7: 8.4817135 | P7: 8.142445 | T7: Non-bio waste | U7: 2.3601591
B8: =Commodities!D31 -> IMAP | C8: =+ROUNDDOWN(SUMIF(Techs!$Y$6:$Y$109,Demands!H8,Techs!$P$6:$P$109),1)+5 -> 16.5 | D8: =C8 -> 16.5 | H8: Metals | M8: VAR_FIn | N8: INDELC | O8: 23.439361 | P8: 23.439361 | T8: Solid Fuels | U8: 8.4817136
B9: =Commodities!D32 -> IOMA | C9: =+ROUNDDOWN(SUMIF(Techs!$Y$6:$Y$109,Demands!H9,Techs!$P$6:$P$109),1) -> 3.8 | D9: =C9 -> 3.8 | H9: Other Industry | M9: VAR_FIn | N9: INDGAS | O9: 48.999109 | P9: 52.032644 | T9: Oil | U9: 7.3858097
B10: =Commodities!D33 -> IONM | C10: =+ROUNDDOWN(SUMIF(Techs!$Y$6:$Y$109,Demands!H10,Techs!$P$6:$P$109),1) -> 2.4 | D10: =C10 -> 2.4 | H10: Other Minerals | M10: VAR_FIn | N10: INDHET | O10: 4.8019101 | P10: 5.4698961 | Q10: =+NRG_shares!H143+NRG_shares!M143 -> 4.8019101 | T10: Gas | U10: 49.095516
B11: =Commodities!D35 -> IWAP | C11: =+ROUNDDOWN(SUMIF(Techs!$Y$6:$Y$109,Demands!H11,Techs!$P$6:$P$109),1) -> 5 | D11: =C11 -> 5 | H11: Wood Products | M11: VAR_FIn | N11: INDHTH | O11: 16.156926 | P11: 19.815376 | Q11: =+NRG_shares!E143+NRG_shares!J143 -> 16.156926 | T11: Bio fuel | U11: 6.5413029
B12: IELC | C12: =+NRG_shares!AV190 -> 23.439361 | D12: =+C12 -> 23.439361 | H12: Electricity | M12: VAR_FIn | N12: INDLTH | O12: 19.983464 | P12: 30.191393 | Q12: =+NRG_shares!G143+NRG_shares!L143 -> 19.983464 | T12: Total | U12: 75.555717
B13: IOIL | C13: 0 | D13: =+C13 -> 0 | M13: VAR_FIn | N13: INDMTH | O13: 17.76284 | P13: 28.606391 | Q13: =+NRG_shares!F143+NRG_shares!K143 -> 17.76284 | T13: Electricity
M14: VAR_FIn | N14: INDNWS | O14: 2.3601591 | P14: 2.2657527
M15: VAR_FIn | N15: INDOIL | O15: 5.3704921 | P15: 7.0903773
M16: VAR_FIn | N16: INDRWS | O16: 1.6912149 | P16: 1.6235663
M17: VAR_FOut | N17: ICAF | O17: 5.7257417 | P17: 9.7037604 | Q17: =+VLOOKUP(N17,$B$4:$D$13,2,FALSE) -> 5.7
M18: VAR_FOut | N18: ICEM | O18: 10.410588 | P18: 10.410588 | Q18: =+VLOOKUP(N18,$B$4:$D$13,2,FALSE) -> 0.52
M19: VAR_FOut | N19: IELC | O19: 23.439361 | P19: 23.439361 | Q19: =+VLOOKUP(N19,$B$4:$D$13,2,FALSE) -> 23.439361
M20: VAR_FOut | N20: IFAP | O20: 13.432068 | P20: 13.432068 | Q20: =+VLOOKUP(N20,$B$4:$D$13,2,FALSE) -> 13.4
M21: VAR_FOut | N21: ILIM | O21: 1.3034567 | P21: 1.3034567 | Q21: =+VLOOKUP(N21,$B$4:$D$13,2,FALSE) -> 1.3
M22: VAR_FOut | N22: IMAP | O22: 16.528421 | P22: 20.746846 | Q22: =+VLOOKUP(N22,$B$4:$D$13,2,FALSE) -> 16.5
M23: VAR_FOut | N23: INDHET | O23: 4.8019101 | P23: 5.1730463 | Q23: =+VLOOKUP(N23,$B$4:$D$13,2,FALSE) -> #N/A
M24: VAR_FOut | N24: INDHTH | O24: 16.024111 | P24: 15.383147 | Q24: =+VLOOKUP(N24,$B$4:$D$13,2,FALSE) -> #N/A
M25: VAR_FOut | N25: INDLTH | O25: 19.529599 | P25: 18.748415 | Q25: =+VLOOKUP(N25,$B$4:$D$13,2,FALSE) -> #N/A
M26: VAR_FOut | N26: INDMTH | O26: 17.76284 | P26: 20.909373 | Q26: =+VLOOKUP(N26,$B$4:$D$13,2,FALSE) -> #N/A
M27: VAR_FOut | N27: IOMA | O27: 3.8202753 | P27: 4.3090308 | Q27: =+VLOOKUP(N27,$B$4:$D$13,2,FALSE) -> 3.8
M28: VAR_FOut | N28: IONM | O28: 2.4362561 | P28: 17.613309 | Q28: =+VLOOKUP(N28,$B$4:$D$13,2,FALSE) -> 2.4
M29: VAR_FOut | N29: IWAP | O29: 5.0483343 | P29: 6.5639976 | Q29: =+VLOOKUP(N29,$B$4:$D$13,2,FALSE) -> 5

Sheet EMI
F5: ~COMEMI
E6: Region | F6: CommName | G6: INDCOA | H6: INDPEA | I6: *INDKER | J6: *INDHFO | K6: *INDLPG | L6: *INDDST | M6: INDCOK | N6: INDGAS | O6: INDOIL
E7: IE,National | F7: INDCO2N | G7: 94.6 | H7: 116.7 | I7: 71.4 | J7: 76 | K7: 63.7 | L7: 73.3 | M7: 92.9 | N7: 56.9 | O7: =+I7*W7+J7*W9+K7*W10+L7*W11 -> 77.235 | S7: OILKER | T7: INDOIL | U7: 1 | V7: 50 | W7: 0.04
S8: BIOJKR | W8: 0
S9: OILHFO | W9: 0.18
S10: OILLPG | W10: 0.32
S11: OILDST | W11: 0.55
S12: BIODST1G,BIODST2G | W12: 0
E19: Attribute | F19: Year | G19: Pset_Set | H19: Pset_PN | I19: Cset_CN | J19: Other_indexes | K19: AllRegions | M19: Unit | N19: Source
E20: FLO_EMIS | H20: I* | I20: INDCO2N | J20: INDCOA | K20: 94.6 | M20: kt/PJ | N20: https://www.seai.ie/data-and-insights/seai-statistics/conversion-factors/
E21: FLO_EMIS | H21: I* | I21: INDCO2N | J21: INDPEA | K21: 116.7
E22: FLO_EMIS | H22: I* | I22: INDCO2N | J22: INDKER | K22: 71.4
E23: FLO_EMIS | H23: I* | I23: INDCO2N | J23: INDHFO | K23: 76
E24: FLO_EMIS | H24: I* | I24: INDCO2N | J24: INDLPG | K24: 63.7
E25: FLO_EMIS | H25: I* | I25: INDCO2N | J25: INDDST | K25: 73.3
E26: FLO_EMIS | H26: I* | I26: INDCO2N | J26: INDCOK | K26: 92.9
E27: FLO_EMIS | H27: I* | I27: INDCO2N | J27: INDGAS | K27: 56.9 | N27: Industrial Processes | O27: 2018, kt | P27: Heat demand 2018
E28: ENV_ACT | H28: I-DMD-CEM-E0 | I28: INDCO2P | K28: 197.87212 | M28: kt/PJ useful | N28: Mineral industry | O28: 2057.87 | P28: 10.4

Sheet NRG_shares
A1: This sheet is used to calculate fuel shares in generating different heat levels in industry by specific subsectors
B2: Heating demand, National Heat Study, SEAI
B3: Subsector | C3: Building type | D3: ETS status | E3: Heating | F3: Fuel (industrial) | G3: Space heating demand (MWh) | H3: Electricity consumption (MWh) | I3: Cooling consumption (MWh) | J3: Stock | K3: Space heating fuel use (MWh) | L3: Cooling fuel use (MWh) | M3: Other electricity fuel use (MWh) | N3: Site Stock | O3: Heating Demand (MWh) | P3: High Grade Heat (>500 C) | Q3: Medium Grade Heat (150 - 500 C) | R3: Medium/Low Grade Heat (100 - 150 C) | S3: Low Grade Heat (<100 C) | T3: Label for Heating technology | U3: Electricity Demand (Non-Net)
B4: Industry | C4: Cement | D4: ETS | E4: Industrial Non-bio waste Cement/Lime Kiln | F4: Non-bio waste | G4: 700801.55 | H4: 154709.36 | I4: 1562.7208 | J4: 0.81669137 | K4: 778668.39 | L4: 1562.7208 | M4: 154709.36 | N4: 0.79219063 | O4: 700801.55 | P4: 700801.55 | Q4: 0 | R4: 0 | S4: 0 | T4: Cement/Lime Kiln | U4: 156272.08 | V4: =+O4/K4 -> 0.9
B5: Industry | C5: Cement | D5: ETS | E5: Industrial Non-bio waste Dryer | F5: Non-bio waste | G5: 22155.925 | H5: 4784.8256 | I5: 48.331572 | J5: 0.81669137 | K5: 24082.527 | L5: 48.331572 | M5: 4784.8256 | N5: 0.024500741 | O5: 22155.925 | P5: 0 | Q5: 22155.925 | R5: 0 | S5: 0 | T5: Dryer | U5: 4833.1572 | V5: =+O5/K5 -> 0.92
B6: Industry | C6: Cement | D6: ETS | E6: Industrial Bio waste Cement/Lime Kiln | F6: Bio waste | G6: 700801.55 | H6: 154709.36 | I6: 1562.7208 | J6: 0.58521505 | K6: 778668.39 | L6: 1562.7208 | M6: 154709.36 | N6: 0.5676586 | O6: 700801.55 | P6: 700801.55 | Q6: 0 | R6: 0 | S6: 0 | T6: Cement/Lime Kiln | U6: 156272.08 | V6: =+O6/K6 -> 0.9
B7: Industry | C7: Cement | D7: ETS | E7: Industrial Bio waste Dryer | F7: Bio waste | G7: 22155.925 | H7: 4784.8256 | I7: 48.331572 | J7: 0.58521505 | K7: 24082.527 | L7: 48.331572 | M7: 4784.8256 | N7: 0.017556451 | O7: 22155.925 | P7: 0 | Q7: 22155.925 | R7: 0 | S7: 0 | T7: Dryer | U7: 4833.1572 | V7: =+O7/K7 -> 0.92
B8: Industry | C8: Cement | D8: ETS | E8: Industrial Solid Fuels Cement/Lime Kiln | F8: Solid Fuels | G8: 700801.55 | H8: 154709.36 | I8: 1562.7208 | J8: 2.5664154 | K8: 778668.39 | L8: 1562.7208 | M8: 154709.36 | N8: 2.489423 | O8: 700801.55 | P8: 700801.55 | Q8: 0 | R8: 0 | S8: 0 | T8: Cement/Lime Kiln | U8: 156272.08 | V8: =+O8/K8 -> 0.9
B9: Industry | C9: Cement | D9: ETS | E9: Industrial Solid Fuels Dryer | F9: Solid Fuels | G9: 22155.925 | H9: 4784.8256 | I9: 48.331572 | J9: 2.5664154 | K9: 24082.527 | L9: 48.331572 | M9: 4784.8256 | N9: 0.076992463 | O9: 22155.925 | P9: 0 | Q9: 22155.925 | R9: 0 | S9: 0 | T9: Dryer | U9: 4833.1572 | V9: =+O9/K9 -> 0.92
B10: Industry | C10: Cement | D10: ETS | E10: Industrial Oil Cement/Lime Kiln | F10: Oil | G10: 700801.55 | H10: 154709.36 | I10: 1562.7208 | J10: 0.031544078 | K10: 778668.39 | L10: 1562.7208 | M10: 154709.36 | N10: 0.030597756 | O10: 700801.55 | P10: 700801.55 | Q10: 0 | R10: 0 | S10: 0 | T10: Cement/Lime Kiln | U10: 156272.08 | V10: =+O10/K10 -> 0.9
B11: Industry | C11: Cement | D11: ETS | E11: Industrial Oil Dryer | F11: Oil | G11: 22155.925 | H11: 4784.8256 | I11: 48.331572 | J11: 0.031544078 | K11: 24082.527 | L11: 48.331572 | M11: 4784.8256 | N11: 0.00094632235 | O11: 22155.925 | P11: 0 | Q11: 22155.925 | R11: 0 | S11: 0 | T11: Dryer | U11: 4833.1572 | V11: =+O11/K11 -> 0.92
B12: Industry | C12: Cement | D12: ETS | E12: Industrial Gas Cement/Lime Kiln | F12: Gas | G12: 700801.55 | H12: 154709.36 | I12: 1562.7208 | J12: 0.00013407986 | K12: 778668.39 | L12: 1562.7208 | M12: 154709.36 | N12: 0.00013005746 | O12: 700801.55 | P12: 700801.55 | Q12: 0 | R12: 0 | S12: 0 | T12: Cement/Lime Kiln | U12: 156272.08 | V12: =+O12/K12 -> 0.9
B13: Industry | C13: Cement | D13: ETS | E13: Industrial Gas Dryer | F13: Gas | G13: 22155.925 | H13: 4784.8256 | I13: 48.331572 | J13: 0.00013407986 | K13: 24082.527 | L13: 48.331572 | M13: 4784.8256 | N13: 4.0223957e-06 | O13: 22155.925 | P13: 0 | Q13: 22155.925 | R13: 0 | S13: 0 | T13: Dryer | U13: 4833.1572 | V13: =+O13/K13 -> 0.92
B14: Industry | C14: Chemicals | D14: ETS | E14: Industrial Oil Boiler | F14: Oil | G14: 11518.273 | H14: 6959.7903 | I14: 1088.4261 | J14: 2.671847 | K14: 12519.862 | L14: 1088.4261 | M14: 6959.7903 | N14: 0.60116557 | O14: 11518.273 | P14: 0 | Q14: 1151.8273 | R14: 8062.7912 | S14: 2303.6546 | T14: Boiler | U14: 9070.2176 | V14: =+O14/K14 -> 0.92
B15: Industry | C15: Chemicals | D15: ETS | E15: Industrial Oil CHP | F15: Oil | G15: 13910.958 | H15: 15466.201 | I15: 2418.7247 | J15: 1.3359235 | K15: 27821.916 | L15: 2418.7247 | M15: 15466.201 | N15: 0.66796174 | O15: 13910.958 | P15: 0 | Q15: 13910.958 | R15: 0 | S15: 0 | T15: CHP | U15: 20156.039 | V15: =+O15/K15 -> 0.5
... B107: Industry | C107: Wood Products | D107: Non-ETS | E107: Industrial Gas Dryer | F107: Gas | G107: 835.25435 | H107: 171.09671 | I107: 1.7282496 | J107: 3.2667423 | K107: 907.88516 | L107: 1.7282496 | M107: 171.09671 | N107: 1.3066969 | O107: 835.25435 | P107: 0 | Q107: 0 | R107: 835.25435 | S107: 0 | T107: Dryer | U107: 172.82496 | V107: =+O107/K107 -> 0.92
T110: Heat temperature level shares
D111: ETS | E111: ETS | F111: ETS | G111: ETS | H111: ETS | I111: Non-ETS | J111: Non-ETS | K111: Non-ETS | L111: Non-ETS | M111: Non-ETS | P111: ETS | Q111: ETS | R111: Non-ETS | S111: Non-ETS | V111: ETS | W111: ETS | X111: ETS | Y111: ETS | Z111: ETS | AA111: Non-ETS | AB111: Non-ETS | AC111: Non-ETS | AD111: Non-ETS | AE111: Non-ETS
D112: Heating Demand (MWh) | E112: High Grade Heat (>500 C) | F112: Medium Grade Heat (150 - 500 C) | G112: Medium/Low Grade Heat (100 - 150 C) | H112: Low Grade Heat (<100 C) | I112: Heating Demand (MWh) | J112: High Grade Heat (>500 C) | K112: Medium Grade Heat (150 - 500 C) | L112: Medium/Low Grade Heat (100 - 150 C) | M112: Low Grade Heat (<100 C) | N112: Heating Demand (PJ) | O112: Efficiency | P112: Electricity consumption (MWh) | Q112: Cooling consumption (MWh) | R112: Electricity consumption (MWh) | S112: Cooling consumption (MWh) | V112: Heating Demand (MWh) | W112: High Grade Heat (>500 C) | X112: Medium Grade Heat (150 - 500 C) | Y112: Medium/Low Grade Heat (100 - 150 C) | Z112: Low Grade Heat (<100 C) | AA112: Heating Demand (MWh) | AB112: High Grade Heat (>500 C) | AC112: Medium Grade Heat (150 - 500 C) | AD112: Medium/Low Grade Heat (100 - 150 C) | AE112: Low Grade Heat (<100 C)
B113: Cement | C113: Cement/Lime Kiln | D113: {=+SUMPRODUCT(($J$4:$J$107)*(O$4:O$107)*($C$4:$C$107=$B113)*($D$4:$D$107=D$111)*($T$4:$T$107=$C113))} -> 2803206.2 | E113: {=+SUMPRODUCT(($J$4:$J$107)*(P$4:P$107)*($C$4:$C$107=$B113)*($D$4:$D$107=E$111)*($T$4:$T$107=$C113))} -> 2803206.2 | F113: {=+SUMPRODUCT(($J$4:$J$107)*(Q$4:Q$107)*($C$4:$C$107=$B113)*($D$4:$D$107=F$111)*($T$4:$T$107=$C113))} -> 0 | G113: {=+SUMPRODUCT(($J$4:$J$107)*(R$4:R$107)*($C$4:$C$107=$B113)*($D$4:$D$107=G$111)*($T$4:$T$107=$C113))} -> 0 | H113: {=+SUMPRODUCT(($J$4:$J$107)*(S$4:S$107)*($C$4:$C$107=$B113)*($D$4:$D$107=H$111)*($T$4:$T$107=$C113))} -> 0 | I113: {=+SUMPRODUCT(($J$4:$J$107)*(O$4:O$107)*($C$4:$C$107=$B113)*($D$4:$D$107=I$111)*($T$4:$T$107=$C113))} -> 0 | J113: {=+SUMPRODUCT(($J$4:$J$107)*(P$4:P$107)*($C$4:$C$107=$B113)*($D$4:$D$107=J$111)*($T$4:$T$107=$C113))} -> 0 | K113: {=+SUMPRODUCT(($J$4:$J$107)*(Q$4:Q$107)*($C$4:$C$107=$B113)*($D$4:$D$107=K$111)*($T$4:$T$107=$C113))} -> 0 | L113: {=+SUMPRODUCT(($J$4:$J$107)*(R$4:R$107)*($C$4:$C$107=$B113)*($D$4:$D$107=L$111)*($T$4:$T$107=$C113))} -> 0 | M113: {=+SUMPRODUCT(($J$4:$J$107)*(S$4:S$107)*($C$4:$C$107=$B113)*($D$4:$D$107=M$111)*($T$4:$T$107=$C113))} -> 0 | N113: =+(D113+I113)*Conversions!$B$3 -> 10.091542 | O113: =+VLOOKUP(C113,$T$4:$V$107,3,FALSE) -> 0.9 | P113: {=+SUMPRODUCT(($J$4:$J$107)*(M$4:M$107)*($C$4:$C$107=$B113)*($D$4:$D$107=P$111)*($T$4:$T$107=$C113))} -> 618837.45 | Q113: {=+SUMPRODUCT(($J$4:$J$107)*(L$4:L$107)*($C$4:$C$107=$B113)*($D$4:$D$107=Q$111)*($T$4:$T$107=$C113))} -> 6250.8833 | R113: {=+SUMPRODUCT(($J$4:$J$107)*(M$4:M$107)*($C$4:$C$107=$B113)*($D$4:$D$107=R$111)*($T$4:$T$107=$C113))} -> 0 | S113: {=+SUMPRODUCT(($J$4:$J$107)*(L$4:L$107)*($C$4:$C$107=$B113)*($D$4:$D$107=S$111)*($T$4:$T$107=$C113))} -> 0 | T113: Cement | U113: Cement/Lime Kiln | V113: =+IFERROR((D113+I113)/($D113+$I113),"") -> 1 | W113: =+IFERROR((E113+J113)/($D113+$I113),"") -> 1 | X113: =+IFERROR((F113+K113)/($D113+$I113),"") -> 0 | Y113: =+IFERROR((G113+L113)/($D113+$I113),"") -> 0 | Z113: =+IFERROR((H113+M113)/($D113+$I113),"") -> 0 | AA113: =+IFERROR((D113+I113)/($D113+$I113),"") -> 1 | AB113: =+IFERROR((E113+J113)/($D113+$I113),"") -> 1 | AC113: =+IFERROR((F113+K113)/($D113+$I113),"") -> 0 | AD113: =+IFERROR((G113+L113)/($D113+$I113),"") -> 0 | AE113: =+IFERROR((H113+M113)/($D113+$I113),"") -> 0
B114: Cement | C114: Dryer | D114: {=+SUMPRODUCT(($J$4:$J$107)*(O$4:O$107)*($C$4:$C$107=$B114)*($D$4:$D$107=D$111)*($T$4:$T$107=$C114))} -> 88623.701 | E114: {=+SUMPRODUCT(($J$4:$J$107)*(P$4:P$107)*($C$4:$C$107=$B114)*($D$4:$D$107=E$111)*($T$4:$T$107=$C114))} -> 0 | F114: {=+SUMPRODUCT(($J$4:$J$107)*(Q$4:Q$107)*($C$4:$C$107=$B114)*($D$4:$D$107=F$111)*($T$4:$T$107=$C114))} -> 88623.701 | G114: {=+SUMPRODUCT(($J$4:$J$107)*(R$4:R$107)*($C$4:$C$107=$B114)*($D$4:$D$107=G$111)*($T$4:$T$107=$C114))} -> 0 | H114: {=+SUMPRODUCT(($J$4:$J$107)*(S$4:S$107)*($C$4:$C$107=$B114)*($D$4:$D$107=H$111)*($T$4:$T$107=$C114))} -> 0 | I114: {=+SUMPRODUCT(($J$4:$J$107)*(O$4:O$107)*($C$4:$C$107=$B114)*($D$4:$D$107=I$111)*($T$4:$T$107=$C114))} -> 0 | J114: {=+SUMPRODUCT(($J$4:$J$107)*(P$4:P$107)*($C$4:$C$107=$B114)*($D$4:$D$107=J$111)*($T$4:$T$107=$C114))} -> 0 | K114: {=+SUMPRODUCT(($J$4:$J$107)*(Q$4:Q$107)*($C$4:$C$107=$B114)*($D$4:$D$107=K$111)*($T$4:$T$107=$C114))} -> 0 | L114: {=+SUMPRODUCT(($J$4:$J$107)*(R$4:R$107)*($C$4:$C$107=$B114)*($D$4:$D$107=L$111)*($T$4:$T$107=$C114))} -> 0 | M114: {=+SUMPRODUCT(($J$4:$J$107)*(S$4:S$107)*($C$4:$C$107=$B114)*($D$4:$D$107=M$111)*($T$4:$T$107=$C114))} -> 0 | N114: =+(D114+I114)*Conversions!$B$3 -> 0.31904532 | O114: =+VLOOKUP(C114,$T$4:$V$107,3,FALSE) -> 0.92 | P114: {=+SUMPRODUCT(($J$4:$J$107)*(M$4:M$107)*($C$4:$C$107=$B114)*($D$4:$D$107=P$111)*($T$4:$T$107=$C114))} -> 19139.302 | Q114: {=+SUMPRODUCT(($J$4:$J$107)*(L$4:L$107)*($C$4:$C$107=$B114)*($D$4:$D$107=Q$111)*($T$4:$T$107=$C114))} -> 193.32629 | R114: {=+SUMPRODUCT(($J$4:$J$107)*(M$4:M$107)*($C$4:$C$107=$B114)*($D$4:$D$107=R$111)*($T$4:$T$107=$C114))} -> 0 | S114: {=+SUMPRODUCT(($J$4:$J$107)*(L$4:L$107)*($C$4:$C$107=$B114)*($D$4:$D$107=S$111)*($T$4:$T$107=$C114))} -> 0 | T114: Cement | U114: Dryer | V114: =+IFERROR((D114+I114)/($D114+$I114),"") -> 1 | W114: =+IFERROR((E114+J114)/($D114+$I114),"") -> 0 | X114: =+IFERROR((F114+K114)/($D114+$I114),"") -> 1 | Y114: =+IFERROR((G114+L114)/($D114+$I114),"") -> 0 | Z114: =+IFERROR((H114+M114)/($D114+$I114),"") -> 0 | AA114: =+IFERROR((D114+I114)/($D114+$I114),"") -> 1 | AB114: =+IFERROR((E114+J114)/($D114+$I114),"") -> 0 | AC114: =+IFERROR((F114+K114)/($D114+$I114),"") -> 1 | AD114: =+IFERROR((G114+L114)/($D114+$I114),"") -> 0 | AE114: =+IFERROR((H114+M114)/($D114+$I114),"") -> 0
B115: Chemicals | C115: Dryer | D115: {=+SUMPRODUCT(($J$4:$J$107)*(O$4:O$107)*($C$4:$C$107=$B115)*($D$4:$D$107=D$111)*($T$4:$T$107=$C115))} -> 0 | E115: {=+SUMPRODUCT(($J$4:$J$107)*(P$4:P$107)*($C$4:$C$107=$B115)*($D$4:$D$107=E$111)*($T$4:$T$107=$C115))} -> 0 | F115: {=+SUMPRODUCT(($J$4:$J$107)*(Q$4:Q$107)*($C$4:$C$107=$B115)*($D$4:$D$107=F$111)*($T$4:$T$107=$C115))} -> 0 | G115: {=+SUMPRODUCT(($J$4:$J$107)*(R$4:R$107)*($C$4:$C$107=$B115)*($D$4:$D$107=G$111)*($T$4:$T$107=$C115))} -> 0 | H115: {=+SUMPRODUCT(($J$4:$J$107)*(S$4:S$107)*($C$4:$C$107=$B115)*($D$4:$D$107=H$111)*($T$4:$T$107=$C115))} -> 0 | I115: {=+SUMPRODUCT(($J$4:$J$107)*(O$4:O$107)*($C$4:$C$107=$B115)*($D$4:$D$107=I$111)*($T$4:$T$107=$C115))} -> 46211.761 | J115: {=+SUMPRODUCT(($J$4:$J$107)*(P$4:P$107)*($C$4:$C$107=$B115)*($D$4:$D$107=J$111)*($T$4:$T$107=$C115))} -> 0 | K115: {=+SUMPRODUCT(($J$4:$J$107)*(Q$4:Q$107)*($C$4:$C$107=$B115)*($D$4:$D$107=K$111)*($T$4:$T$107=$C115))} -> 0 | L115: {=+SUMPRODUCT(($J$4:$J$107)*(R$4:R$107)*($C$4:$C$107=$B115)*($D$4:$D$107=L$111)*($T$4:$T$107=$C115))} -> 46211.761 | M115: {=+SUMPRODUCT(($J$4:$J$107)*(S$4:S$107)*($C$4:$C$107=$B115)*($D$4:$D$107=M$111)*($T$4:$T$107=$C115))} -> 0 | N115: =+(D115+I115)*Conversions!$B$3 -> 0.16636234 | O115: =+VLOOKUP(C115,$T$4:$V$107,3,FALSE) -> 0.92 | P115: {=+SUMPRODUCT(($J$4:$J$107)*(M$4:M$107)*($C$4:$C$107=$B115)*($D$4:$D$107=P$111)*($T$4:$T$107=$C115))} -> 0 | Q115: {=+SUMPRODUCT(($J$4:$J$107)*(L$4:L$107)*($C$4:$C$107=$B115)*($D$4:$D$107=Q$111)*($T$4:$T$107=$C115))} -> 0 | R115: {=+SUMPRODUCT(($J$4:$J$107)*(M$4:M$107)*($C$4:$C$107=$B115)*($D$4:$D$107=R$111)*($T$4:$T$107=$C115))} -> 28083.067 | S115: {=+SUMPRODUCT(($J$4:$J$107)*(L$4:L$107)*($C$4:$C$107=$B115)*($D$4:$D$107=S$111)*($T$4:$T$107=$C115))} -> 4391.8484 | T115: Chemicals | U115: Dryer | V115: =+IFERROR((D115+I115)/($D115+$I115),"") -> 1 | W115: =+IFERROR((E115+J115)/($D115+$I115),"") -> 0 | X115: =+IFERROR((F115+K115)/($D115+$I115),"") -> 0 | Y115: =+IFERROR((G115+L115)/($D115+$I115),"") -> 1 | Z115: =+IFERROR((H115+M115)/($D115+$I115),"") -> 0 | AA115: =+IFERROR((D115+I115)/($D115+$I115),"") -> 1 | AB115: =+IFERROR((E115+J115)/($D115+$I115),"") -> 0 | AC115: =+IFERROR((F115+K115)/($D115+$I115),"") -> 0 | AD115: =+IFERROR((G115+L115)/($D115+$I115),"") -> 1 | AE115: =+IFERROR((H115+M115)/($D115+$I115),"") -> 0
B116: Chemicals | C116: CHP | D116: {=+SUMPRODUCT(($J$4:$J$107)*(O$4:O$107)*($C$4:$C$107=$B116)*($D$4:$D$107=D$111)*($T$4:$T$107=$C116))} -> 264308.2 | E116: {=+SUMPRODUCT(($J$4:$J$107)*(P$4:P$107)*($C$4:$C$107=$B116)*($D$4:$D$107=E$111)*($T$4:$T$107=$C116))} -> 0 | F116: {=+SUMPRODUCT(($J$4:$J$107)*(Q$4:Q$107)*($C$4:$C$107=$B116)*($D$4:$D$107=F$111)*($T$4:$T$107=$C116))} -> 264308.2 | G116: {=+SUMPRODUCT(($J$4:$J$107)*(R$4:R$107)*($C$4:$C$107=$B116)*($D$4:$D$107=G$111)*($T$4:$T$107=$C116))} -> 0 | H116: {=+SUMPRODUCT(($J$4:$J$107)*(S$4:S$107)*($C$4:$C$107=$B116)*($D$4:$D$107=H$111)*($T$4:$T$107=$C116))} -> 0 | I116: {=+SUMPRODUCT(($J$4:$J$107)*(O$4:O$107)*($C$4:$C$107=$B116)*($D$4:$D$107=I$111)*($T$4:$T$107=$C116))} -> 100460.35 | J116: {=+SUMPRODUCT(($J$4:$J$107)*(P$4:P$107)*($C$4:$C$107=$B116)*($D$4:$D$107=J$111)*($T$4:$T$107=$C116))} -> 0 | K116: {=+SUMPRODUCT(($J$4:$J$107)*(Q$4:Q$107)*($C$4:$C$107=$B116)*($D$4:$D$107=K$111)*($T$4:$T$107=$C116))} -> 100460.35 | L116: {=+SUMPRODUCT(($J$4:$J$107)*(R$4:R$107)*($C$4:$C$107=$B116)*($D$4:$D$107=L$111)*($T$4:$T$107=$C116))} -> 0 | M116: {=+SUMPRODUCT(($J$4:$J$107)*(S$4:S$107)*($C$4:$C$107=$B116)*($D$4:$D$107=M$111)*($T$4:$T$107=$C116))} -> 0 | N116: =+(D116+I116)*Conversions!$B$3 -> 1.3131668 | O116: =+VLOOKUP(C116,$T$4:$V$107,3,FALSE) -> 0.5 | P116: {=+SUMPRODUCT(($J$4:$J$107)*(M$4:M$107)*($C$4:$C$107=$B116)*($D$4:$D$107=P$111)*($T$4:$T$107=$C116))} -> 293857.81 | Q116: {=+SUMPRODUCT(($J$4:$J$107)*(L$4:L$107)*($C$4:$C$107=$B116)*($D$4:$D$107=Q$111)*($T$4:$T$107=$C116))} -> 45955.769 | R116: {=+SUMPRODUCT(($J$4:$J$107)*(M$4:M$107)*($C$4:$C$107=$B116)*($D$4:$D$107=R$111)*($T$4:$T$107=$C116))} -> 112332.27 | S116: {=+SUMPRODUCT(($J$4:$J$107)*(L$4:L$107)*($C$4:$C$107=$B116)*($D$4:$D$107=S$111)*($T$4:$T$107=$C116))} -> 17567.394 | T116: Chemicals | U116: CHP | V116: =+IFERROR((D116+I116)/($D116+$I116),"") -> 1 | W116: =+IFERROR((E116+J116)/($D116+$I116),"") -> 0 | X116: =+IFERROR((F116+K116)/($D116+$I116),"") -> 1 | Y116: =+IFERROR((G116+L116)/($D116+$I116),"") -> 0 | Z116: =+IFERROR((H116+M116)/($D116+$I116),"") -> 0 | AA116: =+IFERROR((D116+I116)/($D116+$I116),"") -> 1 | AB116: =+IFERROR((E116+J116)/($D116+$I116),"") -> 0 | AC116: =+IFERROR((F116+K116)/($D116+$I116),"") -> 1 | AD116: =+IFERROR((G116+L116)/($D116+$I116),"") -> 0 | AE116: =+IFERROR((H116+M116)/($D116+$I116),"") -> 0
B117: Chemicals | C117: Boiler | D117: {=+SUMPRODUCT(($J$4:$J$107)*(O$4:O$107)*($C$4:$C$107=$B117)*($D$4:$D$107=D$111)*($T$4:$T$107=$C117))} -> 437694.38 | E117: {=+SUMPRODUCT(($J$4:$J$107)*(P$4:P$107)*($C$4:$C$107=$B117)*($D$4:$D$107=E$111)*($T$4:$T$107=$C117))} -> 0 | F117: {=+SUMPRODUCT(($J$4:$J$107)*(Q$4:Q$107)*($C$4:$C$107=$B117)*($D$4:$D$107=F$111)*($T$4:$T$107=$C117))} -> 43769.438 | G117: {=+SUMPRODUCT(($J$4:$J$107)*(R$4:R$107)*($C$4:$C$107=$B117)*($D$4:$D$107=G$111)*($T$4:$T$107=$C117))} -> 306386.07 | H117: {=+SUMPRODUCT(($J$4:$J$107)*(S$4:S$107)*($C$4:$C$107=$B117)*($D$4:$D$107=H$111)*($T$4:$T$107=$C117))} -> 87538.876 | I117: {=+SUMPRODUCT(($J$4:$J$107)*(O$4:O$107)*($C$4:$C$107=$B117)*($D$4:$D$107=I$111)*($T$4:$T$107=$C117))} -> 646964.65 | J117: {=+SUMPRODUCT(($J$4:$J$107)*(P$4:P$107)*($C$4:$C$107=$B117)*($D$4:$D$107=J$111)*($T$4:$T$107=$C117))} -> 0 | K117: {=+SUMPRODUCT(($J$4:$J$107)*(Q$4:Q$107)*($C$4:$C$107=$B117)*($D$4:$D$107=K$111)*($T$4:$T$107=$C117))} -> 64696.465 | L117: {=+SUMPRODUCT(($J$4:$J$107)*(R$4:R$107)*($C$4:$C$107=$B117)*($D$4:$D$107=L$111)*($T$4:$T$107=$C117))} -> 452875.26 | M117: {=+SUMPRODUCT(($J$4:$J$107)*(S$4:S$107)*($C$4:$C$107=$B117)*($D$4:$D$107=M$111)*($T$4:$T$107=$C117))} -> 129392.93 | N117: =+(D117+I117)*Conversions!$B$3 -> 3.9047725 | O117: =+VLOOKUP(C117,$T$4:$V$107,3,FALSE) -> 0.92 | P117: {=+SUMPRODUCT(($J$4:$J$107)*(M$4:M$107)*($C$4:$C$107=$B117)*($D$4:$D$107=P$111)*($T$4:$T$107=$C117))} -> 264472.03 | Q117: {=+SUMPRODUCT(($J$4:$J$107)*(L$4:L$107)*($C$4:$C$107=$B117)*($D$4:$D$107=Q$111)*($T$4:$T$107=$C117))} -> 41360.192 | R117: {=+SUMPRODUCT(($J$4:$J$107)*(M$4:M$107)*($C$4:$C$107=$B117)*($D$4:$D$107=R$111)*($T$4:$T$107=$C117))} -> 393162.94 | S117: {=+SUMPRODUCT(($J$4:$J$107)*(L$4:L$107)*($C$4:$C$107=$B117)*($D$4:$D$107=S$111)*($T$4:$T$107=$C117))} -> 61485.877 | T117: Chemicals | U117: Boiler | V117: =+IFERROR((D117+I117)/($D117+$I117),"") -> 1 | W117: =+IFERROR((E117+J117)/($D117+$I117),"") -> 0 | X117: =+IFERROR((F117+K117)/($D117+$I117),"") -> 0.1 | Y117: =+IFERROR((G117+L117)/($D117+$I117),"") -> 0.7 | Z117: =+IFERROR((H117+M117)/($D117+$I117),"") -> 0.2 | AA117: =+IFERROR((D117+I117)/($D117+$I117),"") -> 1 | AB117: =+IFERROR((E117+J117)/($D117+$I117),"") -> 0 | AC117: =+IFERROR((F117+K117)/($D117+$I117),"") -> 0.1 | AD117: =+IFERROR((G117+L117)/($D117+$I117),"") -> 0.7 | AE117: =+IFERROR((H117+M117)/($D117+$I117),"") -> 0.2
B118: Chemicals | C118: Oven | D118: {=+SUMPRODUCT(($J$4:$J$107)*(O$4:O$107)*($C$4:$C$107=$B118)*($D$4:$D$107=D$111)*($T$4:$T$107=$C118))} -> 48632.709 | E118: {=+SUMPRODUCT(($J$4:$J$107)*(P$4:P$107)*($C$4:$C$107=$B118)*($D$4:$D$107=E$111)*($T$4:$T$107=$C118))} -> 0 | F118: {=+SUMPRODUCT(($J$4:$J$107)*(Q$4:Q$107)*($C$4:$C$107=$B118)*($D$4:$D$107=F$111)*($T$4:$T$107=$C118))} -> 0 | G118: {=+SUMPRODUCT(($J$4:$J$107)*(R$4:R$107)*($C$4:$C$107=$B118)*($D$4:$D$107=G$111)*($T$4:$T$107=$C118))} -> 48632.709 | H118: {=+SUMPRODUCT(($J$4:$J$107)*(S$4:S$107)*($C$4:$C$107=$B118)*($D$4:$D$107=H$111)*($T$4:$T$107=$C118))} -> 0 | I118: {=+SUMPRODUCT(($J$4:$J$107)*(O$4:O$107)*($C$4:$C$107=$B118)*($D$4:$D$107=I$111)*($T$4:$T$107=$C118))} -> 46211.761 | J118: {=+SUMPRODUCT(($J$4:$J$107)*(P$4:P$107)*($C$4:$C$107=$B118)*($D$4:$D$107=J$111)*($T$4:$T$107=$C118))} -> 0 | K118: {=+SUMPRODUCT(($J$4:$J$107)*(Q$4:Q$107)*($C$4:$C$107=$B118)*($D$4:$D$107=K$111)*($T$4:$T$107=$C118))} -> 0 | L118: {=+SUMPRODUCT(($J$4:$J$107)*(R$4:R$107)*($C$4:$C$107=$B118)*($D$4:$D$107=L$111)*($T$4:$T$107=$C118))} -> 46211.761 | M118: {=+SUMPRODUCT(($J$4:$J$107)*(S$4:S$107)*($C$4:$C$107=$B118)*($D$4:$D$107=M$111)*($T$4:$T$107=$C118))} -> 0 | N118: =+(D118+I118)*Conversions!$B$3 -> 0.34144009 | O118: =+VLOOKUP(C118,$T$4:$V$107,3,FALSE) -> 0.92 | P118: {=+SUMPRODUCT(($J$4:$J$107)*(M$4:M$107)*($C$4:$C$107=$B118)*($D$4:$D$107=P$111)*($T$4:$T$107=$C118))} -> 29385.781 | Q118: {=+SUMPRODUCT(($J$4:$J$107)*(L$4:L$107)*($C$4:$C$107=$B118)*($D$4:$D$107=Q$111)*($T$4:$T$107=$C118))} -> 4595.5769 | R118: {=+SUMPRODUCT(($J$4:$J$107)*(M$4:M$107)*($C$4:$C$107=$B118)*($D$4:$D$107=R$111)*($T$4:$T$107=$C118))} -> 28083.067 | S118: {=+SUMPRODUCT(($J$4:$J$107)*(L$4:L$107)*($C$4:$C$107=$B118)*($D$4:$D$107=S$111)*($T$4:$T$107=$C118))} -> 4391.8484 | T118: Chemicals | U118: Oven | V118: =+IFERROR((D118+I118)/($D118+$I118),"") -> 1 | W118: =+IFERROR((E118+J118)/($D118+$I118),"") -> 0 | X118: =+IFERROR((F118+K118)/($D118+$I118),"") -> 0 | Y118: =+IFERROR((G118+L118)/($D118+$I118),"") -> 1 | Z118: =+IFERROR((H118+M118)/($D118+$I118),"") -> 0 | AA118: =+IFERROR((D118+I118)/($D118+$I118),"") -> 1 | AB118: =+IFERROR((E118+J118)/($D118+$I118),"") -> 0 | AC118: =+IFERROR((F118+K118)/($D118+$I118),"") -> 0 | AD118: =+IFERROR((G118+L118)/($D118+$I118),"") -> 1 | AE118: =+IFERROR((H118+M118)/($D118+$I118),"") -> 0
B119: Food and Drink | C119: Dryer | D119: {=+SUMPRODUCT(($J$4:$J$107)*(O$4:O$107)*($C$4:$C$107=$B119)*($D$4:$D$107=D$111)*($T$4:$T$107=$C119))} -> 190024.76 | E119: {=+SUMPRODUCT(($J$4:$J$107)*(P$4:P$107)*($C$4:$C$107=$B119)*($D$4:$D$107=E$111)*($T$4:$T$107=$C119))} -> 0 | F119: {=+SUMPRODUCT(($J$4:$J$107)*(Q$4:Q$107)*($C$4:$C$107=$B119)*($D$4:$D$107=F$111)*($T$4:$T$107=$C119))} -> 0 | G119: {=+SUMPRODUCT(($J$4:$J$107)*(R$4:R$107)*($C$4:$C$107=$B119)*($D$4:$D$107=G$111)*($T$4:$T$107=$C119))} -> 0 | H119: {=+SUMPRODUCT(($J$4:$J$107)*(S$4:S$107)*($C$4:$C$107=$B119)*($D$4:$D$107=H$111)*($T$4:$T$107=$C119))} -> 190024.76 | I119: {=+SUMPRODUCT(($J$4:$J$107)*(O$4:O$107)*($C$4:$C$107=$B119)*($D$4:$D$107=I$111)*($T$4:$T$107=$C119))} -> 38184.222 | J119: {=+SUMPRODUCT(($J$4:$J$107)*(P$4:P$107)*($C$4:$C$107=$B119)*($D$4:$D$107=J$111)*($T$4:$T$107=$C119))} -> 0 | K119: {=+SUMPRODUCT(($J$4:$J$107)*(Q$4:Q$107)*($C$4:$C$107=$B119)*($D$4:$D$107=K$111)*($T$4:$T$107=$C119))} -> 0 | L119: {=+SUMPRODUCT(($J$4:$J$107)*(R$4:R$107)*($C$4:$C$107=$B119)*($D$4:$D$107=L$111)*($T$4:$T$107=$C119))} -> 0 | M119: {=+SUMPRODUCT(($J$4:$J$107)*(S$4:S$107)*($C$4:$C$107=$B119)*($D$4:$D$107=M$111)*($T$4:$T$107=$C119))} -> 38184.222 | N119: =+(D119+I119)*Conversions!$B$3 -> 0.82155232 | O119: =+VLOOKUP(C119,$T$4:$V$107,3,FALSE) -> 0.92 | P119: {=+SUMPRODUCT(($J$4:$J$107)*(M$4:M$107)*($C$4:$C$107=$B119)*($D$4:$D$107=P$111)*($T$4:$T$107=$C119))} -> 33235.222 | Q119: {=+SUMPRODUCT(($J$4:$J$107)*(L$4:L$107)*($C$4:$C$107=$B119)*($D$4:$D$107=Q$111)*($T$4:$T$107=$C119))} -> 20041.507 | R119: {=+SUMPRODUCT(($J$4:$J$107)*(M$4:M$107)*($C$4:$C$107=$B119)*($D$4:$D$107=R$111)*($T$4:$T$107=$C119))} -> 6652.6373 | S119: {=+SUMPRODUCT(($J$4:$J$107)*(L$4:L$107)*($C$4:$C$107=$B119)*($D$4:$D$107=S$111)*($T$4:$T$107=$C119))} -> 4011.674 | T119: Food and Drink | U119: Dryer | V119: =+IFERROR((D119+I119)/($D119+$I119),"") -> 1 | W119: =+IFERROR((E119+J119)/($D119+$I119),"") -> 0 | X119: =+IFERROR((F119+K119)/($D119+$I119),"") -> 0 | Y119: =+IFERROR((G119+L119)/($D119+$I119),"") -> 0 | Z119: =+IFERROR((H119+M119)/($D119+$I119),"") -> 1 | AA119: =+IFERROR((D119+I119)/($D119+$I119),"") -> 1 | AB119: =+IFERROR((E119+J119)/($D119+$I119),"") -> 0 | AC119: =+IFERROR((F119+K119)/($D119+$I119),"") -> 0 | AD119: =+IFERROR((G119+L119)/($D119+$I119),"") -> 0 | AE119: =+IFERROR((H119+M119)/($D119+$I119),"") -> 1
B120: Food and Drink | C120: CHP | D120: {=+SUMPRODUCT(($J$4:$J$107)*(O$4:O$107)*($C$4:$C$107=$B120)*($D$4:$D$107=D$111)*($T$4:$T$107=$C120))} -> 929468.91 | E120: {=+SUMPRODUCT(($J$4:$J$107)*(P$4:P$107)*($C$4:$C$107=$B120)*($D$4:$D$107=E$111)*($T$4:$T$107=$C120))} -> 0 | F120: {=+SUMPRODUCT(($J$4:$J$107)*(Q$4:Q$107)*($C$4:$C$107=$B120)*($D$4:$D$107=F$111)*($T$4:$T$107=$C120))} -> 0 | G120: {=+SUMPRODUCT(($J$4:$J$107)*(R$4:R$107)*($C$4:$C$107=$B120)*($D$4:$D$107=G$111)*($T$4:$T$107=$C120))} -> 929468.91 | H120: {=+SUMPRODUCT(($J$4:$J$107)*(S$4:S$107)*($C$4:$C$107=$B120)*($D$4:$D$107=H$111)*($T$4:$T$107=$C120))} -> 0 | I120: {=+SUMPRODUCT(($J$4:$J$107)*(O$4:O$107)*($C$4:$C$107=$B120)*($D$4:$D$107=I$111)*($T$4:$T$107=$C120))} -> 62256.884 | J120: {=+SUMPRODUCT(($J$4:$J$107)*(P$4:P$107)*($C$4:$C$107=$B120)*($D$4:$D$107=J$111)*($T$4:$T$107=$C120))} -> 0 | K120: {=+SUMPRODUCT(($J$4:$J$107)*(Q$4:Q$107)*($C$4:$C$107=$B120)*($D$4:$D$107=K$111)*($T$4:$T$107=$C120))} -> 0 | L120: {=+SUMPRODUCT(($J$4:$J$107)*(R$4:R$107)*($C$4:$C$107=$B120)*($D$4:$D$107=L$111)*($T$4:$T$107=$C120))} -> 62256.884 | M120: {=+SUMPRODUCT(($J$4:$J$107)*(S$4:S$107)*($C$4:$C$107=$B120)*($D$4:$D$107=M$111)*($T$4:$T$107=$C120))} -> 0 | N120: =+(D120+I120)*Conversions!$B$3 -> 3.5702129 | O120: =+VLOOKUP(C120,$T$4:$V$107,3,FALSE) -> 0.5 | P120: {=+SUMPRODUCT(($J$4:$J$107)*(M$4:M$107)*($C$4:$C$107=$B120)*($D$4:$D$107=P$111)*($T$4:$T$107=$C120))} -> 299117 | Q120: {=+SUMPRODUCT(($J$4:$J$107)*(L$4:L$107)*($C$4:$C$107=$B120)*($D$4:$D$107=Q$111)*($T$4:$T$107=$C120))} -> 180373.56 | R120: {=+SUMPRODUCT(($J$4:$J$107)*(M$4:M$107)*($C$4:$C$107=$B120)*($D$4:$D$107=R$111)*($T$4:$T$107=$C120))} -> 19957.912 | S120: {=+SUMPRODUCT(($J$4:$J$107)*(L$4:L$107)*($C$4:$C$107=$B120)*($D$4:$D$107=S$111)*($T$4:$T$107=$C120))} -> 12035.022 | T120: Food and Drink | U120: CHP | V120: =+IFERROR((D120+I120)/($D120+$I120),"") -> 1 | W120: =+IFERROR((E120+J120)/($D120+$I120),"") -> 0 | X120: =+IFERROR((F120+K120)/($D120+$I120),"") -> 0 | Y120: =+IFERROR((G120+L120)/($D120+$I120),"") -> 1 | Z120: =+IFERROR((H120+M120)/($D120+$I120),"") -> 0 | AA120: =+IFERROR((D120+I120)/($D120+$I120),"") -> 1 | AB120: =+IFERROR((E120+J120)/($D120+$I120),"") -> 0 | AC120: =+IFERROR((F120+K120)/($D120+$I120),"") -> 0 | AD120: =+IFERROR((G120+L120)/($D120+$I120),"") -> 1 | AE120: =+IFERROR((H120+M120)/($D120+$I120),"") -> 0
B121: Food and Drink | C121: Boiler | D121: {=+SUMPRODUCT(($J$4:$J$107)*(O$4:O$107)*($C$4:$C$107=$B121)*($D$4:$D$107=D$111)*($T$4:$T$107=$C121))} -> 1520198 | E121: {=+SUMPRODUCT(($J$4:$J$107)*(P$4:P$107)*($C$4:$C$107=$B121)*($D$4:$D$107=E$111)*($T$4:$T$107=$C121))} -> 0 | F121: {=+SUMPRODUCT(($J$4:$J$107)*(Q$4:Q$107)*($C$4:$C$107=$B121)*($D$4:$D$107=F$111)*($T$4:$T$107=$C121))} -> 152019.8 | G121: {=+SUMPRODUCT(($J$4:$J$107)*(R$4:R$107)*($C$4:$C$107=$B121)*($D$4:$D$107=G$111)*($T$4:$T$107=$C121))} -> 912118.82 | H121: {=+SUMPRODUCT(($J$4:$J$107)*(S$4:S$107)*($C$4:$C$107=$B121)*($D$4:$D$107=H$111)*($T$4:$T$107=$C121))} -> 456059.41 | I121: {=+SUMPRODUCT(($J$4:$J$107)*(O$4:O$107)*($C$4:$C$107=$B121)*($D$4:$D$107=I$111)*($T$4:$T$107=$C121))} -> 534579.11 | J121: {=+SUMPRODUCT(($J$4:$J$107)*(P$4:P$107)*($C$4:$C$107=$B121)*($D$4:$D$107=J$111)*($T$4:$T$107=$C121))} -> 0 | K121: {=+SUMPRODUCT(($J$4:$J$107)*(Q$4:Q$107)*($C$4:$C$107=$B121)*($D$4:$D$107=K$111)*($T$4:$T$107=$C121))} -> 53457.911 | L121: {=+SUMPRODUCT(($J$4:$J$107)*(R$4:R$107)*($C$4:$C$107=$B121)*($D$4:$D$107=L$111)*($T$4:$T$107=$C121))} -> 320747.47 | M121: {=+SUMPRODUCT(($J$4:$J$107)*(S$4:S$107)*($C$4:$C$107=$B121)*($D$4:$D$107=M$111)*($T$4:$T$107=$C121))} -> 160373.73 | N121: =+(D121+I121)*Conversions!$B$3 -> 7.3971978 | O121: =+VLOOKUP(C121,$T$4:$V$107,3,FALSE) -> 0.92 | P121: {=+SUMPRODUCT(($J$4:$J$107)*(M$4:M$107)*($C$4:$C$107=$B121)*($D$4:$D$107=P$111)*($T$4:$T$107=$C121))} -> 265881.78 | Q121: {=+SUMPRODUCT(($J$4:$J$107)*(L$4:L$107)*($C$4:$C$107=$B121)*($D$4:$D$107=Q$111)*($T$4:$T$107=$C121))} -> 160332.06 | R121: {=+SUMPRODUCT(($J$4:$J$107)*(M$4:M$107)*($C$4:$C$107=$B121)*($D$4:$D$107=R$111)*($T$4:$T$107=$C121))} -> 93136.922 | S121: {=+SUMPRODUCT(($J$4:$J$107)*(L$4:L$107)*($C$4:$C$107=$B121)*($D$4:$D$107=S$111)*($T$4:$T$107=$C121))} -> 56163.436 | T121: Food and Drink | U121: Boiler | V121: =+IFERROR((D121+I121)/($D121+$I121),"") -> 1 | W121: =+IFERROR((E121+J121)/($D121+$I121),"") -> 0 | X121: =+IFERROR((F121+K121)/($D121+$I121),"") -> 0.1 | Y121: =+IFERROR((G121+L121)/($D121+$I121),"") -> 0.6 | Z121: =+IFERROR((H121+M121)/($D121+$I121),"") -> 0.3 | AA121: =+IFERROR((D121+I121)/($D121+$I121),"") -> 1 | AB121: =+IFERROR((E121+J121)/($D121+$I121),"") -> 0 | AC121: =+IFERROR((F121+K121)/($D121+$I121),"") -> 0.1 | AD121: =+IFERROR((G121+L121)/($D121+$I121),"") -> 0.6 | AE121: =+IFERROR((H121+M121)/($D121+$I121),"") -> 0.3
B122: Food and Drink | C122: Oven | D122: {=+SUMPRODUCT(($J$4:$J$107)*(O$4:O$107)*($C$4:$C$107=$B122)*($D$4:$D$107=D$111)*($T$4:$T$107=$C122))} -> 380049.51 | E122: {=+SUMPRODUCT(($J$4:$J$107)*(P$4:P$107)*($C$4:$C$107=$B122)*($D$4:$D$107=E$111)*($T$4:$T$107=$C122))} -> 0 | F122: {=+SUMPRODUCT(($J$4:$J$107)*(Q$4:Q$107)*($C$4:$C$107=$B122)*($D$4:$D$107=F$111)*($T$4:$T$107=$C122))} -> 380049.51 | G122: {=+SUMPRODUCT(($J$4:$J$107)*(R$4:R$107)*($C$4:$C$107=$B122)*($D$4:$D$107=G$111)*($T$4:$T$107=$C122))} -> 0 | H122: {=+SUMPRODUCT(($J$4:$J$107)*(S$4:S$107)*($C$4:$C$107=$B122)*($D$4:$D$107=H$111)*($T$4:$T$107=$C122))} -> 0 | I122: {=+SUMPRODUCT(($J$4:$J$107)*(O$4:O$107)*($C$4:$C$107=$B122)*($D$4:$D$107=I$111)*($T$4:$T$107=$C122))} -> 76368.445 | J122: {=+SUMPRODUCT(($J$4:$J$107)*(P$4:P$107)*($C$4:$C$107=$B122)*($D$4:$D$107=J$111)*($T$4:$T$107=$C122))} -> 0 | K122: {=+SUMPRODUCT(($J$4:$J$107)*(Q$4:Q$107)*($C$4:$C$107=$B122)*($D$4:$D$107=K$111)*($T$4:$T$107=$C122))} -> 76368.445 | L122: {=+SUMPRODUCT(($J$4:$J$107)*(R$4:R$107)*($C$4:$C$107=$B122)*($D$4:$D$107=L$111)*($T$4:$T$107=$C122))} -> 0 | M122: {=+SUMPRODUCT(($J$4:$J$107)*(S$4:S$107)*($C$4:$C$107=$B122)*($D$4:$D$107=M$111)*($T$4:$T$107=$C122))} -> 0 | N122: =+(D122+I122)*Conversions!$B$3 -> 1.6431046 | O122: =+VLOOKUP(C122,$T$4:$V$107,3,FALSE) -> 0.92 | P122: {=+SUMPRODUCT(($J$4:$J$107)*(M$4:M$107)*($C$4:$C$107=$B122)*($D$4:$D$107=P$111)*($T$4:$T$107=$C122))} -> 66470.444 | Q122: {=+SUMPRODUCT(($J$4:$J$107)*(L$4:L$107)*($C$4:$C$107=$B122)*($D$4:$D$107=Q$111)*($T$4:$T$107=$C122))} -> 40083.014 | R122: {=+SUMPRODUCT(($J$4:$J$107)*(M$4:M$107)*($C$4:$C$107=$B122)*($D$4:$D$107=R$111)*($T$4:$T$107=$C122))} -> 13305.275 | S122: {=+SUMPRODUCT(($J$4:$J$107)*(L$4:L$107)*($C$4:$C$107=$B122)*($D$4:$D$107=S$111)*($T$4:$T$107=$C122))} -> 8023.348 | T122: Food and Drink | U122: Oven | V122: =+IFERROR((D122+I122)/($D122+$I122),"") -> 1 | W122: =+IFERROR((E122+J122)/($D122+$I122),"") -> 0 | X122: =+IFERROR((F122+K122)/($D122+$I122),"") -> 1 | Y122: =+IFERROR((G122+L122)/($D122+$I122),"") -> 0 | Z122: =+IFERROR((H122+M122)/($D122+$I122),"") -> 0 | AA122: =+IFERROR((D122+I122)/($D122+$I122),"") -> 1 | AB122: =+IFERROR((E122+J122)/($D122+$I122),"") -> 0 | AC122: =+IFERROR((F122+K122)/($D122+$I122),"") -> 1 | AD122: =+IFERROR((G122+L122)/($D122+$I122),"") -> 0 | AE122: =+IFERROR((H122+M122)/($D122+$I122),"") -> 0
B123: Lime | C123: Cement/Lime Kiln | D123: {=+SUMPRODUCT(($J$4:$J$107)*(O$4:O$107)*($C$4:$C$107=$B123)*($D$4:$D$107=D$111)*($T$4:$T$107=$C123))} -> 275378.18 | E123: {=+SUMPRODUCT(($J$4:$J$107)*(P$4:P$107)*($C$4:$C$107=$B123)*($D$4:$D$107=E$111)*($T$4:$T$107=$C123))} -> 275378.18 | F123: {=+SUMPRODUCT(($J$4:$J$107)*(Q$4:Q$107)*($C$4:$C$107=$B123)*($D$4:$D$107=F$111)*($T$4:$T$107=$C123))} -> 0 | G123: {=+SUMPRODUCT(($J$4:$J$107)*(R$4:R$107)*($C$4:$C$107=$B123)*($D$4:$D$107=G$111)*($T$4:$T$107=$C123))} -> 0 | H123: {=+SUMPRODUCT(($J$4:$J$107)*(S$4:S$107)*($C$4:$C$107=$B123)*($D$4:$D$107=H$111)*($T$4:$T$107=$C123))} -> 0 | I123: {=+SUMPRODUCT(($J$4:$J$107)*(O$4:O$107)*($C$4:$C$107=$B123)*($D$4:$D$107=I$111)*($T$4:$T$107=$C123))} -> 0 | J123: {=+SUMPRODUCT(($J$4:$J$107)*(P$4:P$107)*($C$4:$C$107=$B123)*($D$4:$D$107=J$111)*($T$4:$T$107=$C123))} -> 0 | K123: {=+SUMPRODUCT(($J$4:$J$107)*(Q$4:Q$107)*($C$4:$C$107=$B123)*($D$4:$D$107=K$111)*($T$4:$T$107=$C123))} -> 0 | L123: {=+SUMPRODUCT(($J$4:$J$107)*(R$4:R$107)*($C$4:$C$107=$B123)*($D$4:$D$107=L$111)*($T$4:$T$107=$C123))} -> 0 | M123: {=+SUMPRODUCT(($J$4:$J$107)*(S$4:S$107)*($C$4:$C$107=$B123)*($D$4:$D$107=M$111)*($T$4:$T$107=$C123))} -> 0 | N123: =+(D123+I123)*Conversions!$B$3 -> 0.99136144 | O123: =+VLOOKUP(C123,$T$4:$V$107,3,FALSE) -> 0.9 | P123: {=+SUMPRODUCT(($J$4:$J$107)*(M$4:M$107)*($C$4:$C$107=$B123)*($D$4:$D$107=P$111)*($T$4:$T$107=$C123))} -> 59913.792 | Q123: {=+SUMPRODUCT(($J$4:$J$107)*(L$4:L$107)*($C$4:$C$107=$B123)*($D$4:$D$107=Q$111)*($T$4:$T$107=$C123))} -> 605.18981 | R123: {=+SUMPRODUCT(($J$4:$J$107)*(M$4:M$107)*($C$4:$C$107=$B123)*($D$4:$D$107=R$111)*($T$4:$T$107=$C123))} -> 0 | S123: {=+SUMPRODUCT(($J$4:$J$107)*(L$4:L$107)*($C$4:$C$107=$B123)*($D$4:$D$107=S$111)*($T$4:$T$107=$C123))} -> 0 | T123: Lime | U123: Cement/Lime Kiln | V123: =+IFERROR((D123+I123)/($D123+$I123),"") -> 1 | W123: =+IFERROR((E123+J123)/($D123+$I123),"") -> 1 | X123: =+IFERROR((F123+K123)/($D123+$I123),"") -> 0 | Y123: =+IFERROR((G123+L123)/($D123+$I123),"") -> 0 | Z123: =+IFERROR((H123+M123)/($D123+$I123),"") -> 0 | AA123: =+IFERROR((D123+I123)/($D123+$I123),"") -> 1 | AB123: =+IFERROR((E123+J123)/($D123+$I123),"") -> 1 | AC123: =+IFERROR((F123+K123)/($D123+$I123),"") -> 0 | AD123: =+IFERROR((G123+L123)/($D123+$I123),"") -> 0 | AE123: =+IFERROR((H123+M123)/($D123+$I123),"") -> 0
B124: Lime | C124: Furnace | D124: {=+SUMPRODUCT(($J$4:$J$107)*(O$4:O$107)*($C$4:$C$107=$B124)*($D$4:$D$107=D$111)*($T$4:$T$107=$C124))} -> 69354.504 | E124: {=+SUMPRODUCT(($J$4:$J$107)*(P$4:P$107)*($C$4:$C$107=$B124)*($D$4:$D$107=E$111)*($T$4:$T$107=$C124))} -> 69354.504 | F124: {=+SUMPRODUCT(($J$4:$J$107)*(Q$4:Q$107)*($C$4:$C$107=$B124)*($D$4:$D$107=F$111)*($T$4:$T$107=$C124))} -> 0 | G124: {=+SUMPRODUCT(($J$4:$J$107)*(R$4:R$107)*($C$4:$C$107=$B124)*($D$4:$D$107=G$111)*($T$4:$T$107=$C124))} -> 0 | H124: {=+SUMPRODUCT(($J$4:$J$107)*(S$4:S$107)*($C$4:$C$107=$B124)*($D$4:$D$107=H$111)*($T$4:$T$107=$C124))} -> 0 | I124: {=+SUMPRODUCT(($J$4:$J$107)*(O$4:O$107)*($C$4:$C$107=$B124)*($D$4:$D$107=I$111)*($T$4:$T$107=$C124))} -> 0 | J124: {=+SUMPRODUCT(($J$4:$J$107)*(P$4:P$107)*($C$4:$C$107=$B124)*($D$4:$D$107=J$111)*($T$4:$T$107=$C124))} -> 0 | K124: {=+SUMPRODUCT(($J$4:$J$107)*(Q$4:Q$107)*($C$4:$C$107=$B124)*($D$4:$D$107=K$111)*($T$4:$T$107=$C124))} -> 0 | L124: {=+SUMPRODUCT(($J$4:$J$107)*(R$4:R$107)*($C$4:$C$107=$B124)*($D$4:$D$107=L$111)*($T$4:$T$107=$C124))} -> 0 | M124: {=+SUMPRODUCT(($J$4:$J$107)*(S$4:S$107)*($C$4:$C$107=$B124)*($D$4:$D$107=M$111)*($T$4:$T$107=$C124))} -> 0 | N124: =+(D124+I124)*Conversions!$B$3 -> 0.24967621 | O124: =+VLOOKUP(C124,$T$4:$V$107,3,FALSE) -> 0.85 | P124: {=+SUMPRODUCT(($J$4:$J$107)*(M$4:M$107)*($C$4:$C$107=$B124)*($D$4:$D$107=P$111)*($T$4:$T$107=$C124))} -> 15977.011 | Q124: {=+SUMPRODUCT(($J$4:$J$107)*(L$4:L$107)*($C$4:$C$107=$B124)*($D$4:$D$107=Q$111)*($T$4:$T$107=$C124))} -> 161.38395 | R124: {=+SUMPRODUCT(($J$4:$J$107)*(M$4:M$107)*($C$4:$C$107=$B124)*($D$4:$D$107=R$111)*($T$4:$T$107=$C124))} -> 0 | S124: {=+SUMPRODUCT(($J$4:$J$107)*(L$4:L$107)*($C$4:$C$107=$B124)*($D$4:$D$107=S$111)*($T$4:$T$107=$C124))} -> 0 | T124: Lime | U124: Furnace | V124: =+IFERROR((D124+I124)/($D124+$I124),"") -> 1 | W124: =+IFERROR((E124+J124)/($D124+$I124),"") -> 1 | X124: =+IFERROR((F124+K124)/($D124+$I124),"") -> 0 | Y124: =+IFERROR((G124+L124)/($D124+$I124),"") -> 0 | Z124: =+IFERROR((H124+M124)/($D124+$I124),"") -> 0 | AA124: =+IFERROR((D124+I124)/($D124+$I124),"") -> 1 | AB124: =+IFERROR((E124+J124)/($D124+$I124),"") -> 1 | AC124: =+IFERROR((F124+K124)/($D124+$I124),"") -> 0 | AD124: =+IFERROR((G124+L124)/($D124+$I124),"") -> 0 | AE124: =+IFERROR((H124+M124)/($D124+$I124),"") -> 0
... B141: Wood Products | C141: Boiler | D141: {=+SUMPRODUCT(($J$4:$J$107)*(O$4:O$107)*($C$4:$C$107=$B141)*($D$4:$D$107=D$111)*($T$4:$T$107=$C141))} -> 351277.19 | E141: {=+SUMPRODUCT(($J$4:$J$107)*(P$4:P$107)*($C$4:$C$107=$B141)*($D$4:$D$107=E$111)*($T$4:$T$107=$C141))} -> 0 | F141: {=+SUMPRODUCT(($J$4:$J$107)*(Q$4:Q$107)*($C$4:$C$107=$B141)*($D$4:$D$107=F$111)*($T$4:$T$107=$C141))} -> 0 | G141: {=+SUMPRODUCT(($J$4:$J$107)*(R$4:R$107)*($C$4:$C$107=$B141)*($D$4:$D$107=G$111)*($T$4:$T$107=$C141))} -> 351277.19 | H141: {=+SUMPRODUCT(($J$4:$J$107)*(S$4:S$107)*($C$4:$C$107=$B141)*($D$4:$D$107=H$111)*($T$4:$T$107=$C141))} -> 0 | I141: {=+SUMPRODUCT(($J$4:$J$107)*(O$4:O$107)*($C$4:$C$107=$B141)*($D$4:$D$107=I$111)*($T$4:$T$107=$C141))} -> 314473.26 | J141: {=+SUMPRODUCT(($J$4:$J$107)*(P$4:P$107)*($C$4:$C$107=$B141)*($D$4:$D$107=J$111)*($T$4:$T$107=$C141))} -> 0 | K141: {=+SUMPRODUCT(($J$4:$J$107)*(Q$4:Q$107)*($C$4:$C$107=$B141)*($D$4:$D$107=K$111)*($T$4:$T$107=$C141))} -> 0 | L141: {=+SUMPRODUCT(($J$4:$J$107)*(R$4:R$107)*($C$4:$C$107=$B141)*($D$4:$D$107=L$111)*($T$4:$T$107=$C141))} -> 314473.26 | M141: {=+SUMPRODUCT(($J$4:$J$107)*(S$4:S$107)*($C$4:$C$107=$B141)*($D$4:$D$107=M$111)*($T$4:$T$107=$C141))} -> 0 | N141: =+(D141+I141)*Conversions!$B$3 -> 2.3967016 | O141: =+VLOOKUP(C141,$T$4:$V$107,3,FALSE) -> 0.92 | P141: {=+SUMPRODUCT(($J$4:$J$107)*(M$4:M$107)*($C$4:$C$107=$B141)*($D$4:$D$107=P$111)*($T$4:$T$107=$C141))} -> 78888.289 | Q141: {=+SUMPRODUCT(($J$4:$J$107)*(L$4:L$107)*($C$4:$C$107=$B141)*($D$4:$D$107=Q$111)*($T$4:$T$107=$C141))} -> 796.8514 | R141: {=+SUMPRODUCT(($J$4:$J$107)*(M$4:M$107)*($C$4:$C$107=$B141)*($D$4:$D$107=R$111)*($T$4:$T$107=$C141))} -> 64417.91 | S141: {=+SUMPRODUCT(($J$4:$J$107)*(L$4:L$107)*($C$4:$C$107=$B141)*($D$4:$D$107=S$111)*($T$4:$T$107=$C141))} -> 650.68596 | T141: Wood Products | U141: Boiler | V141: =+IFERROR((D141+I141)/($D141+$I141),"") -> 1 | W141: =+IFERROR((E141+J141)/($D141+$I141),"") -> 0 | X141: =+IFERROR((F141+K141)/($D141+$I141),"") -> 0 | Y141: =+IFERROR((G141+L141)/($D141+$I141),"") -> 1 | Z141: =+IFERROR((H141+M141)/($D141+$I141),"") -> 0 | AA141: =+IFERROR((D141+I141)/($D141+$I141),"") -> 1 | AB141: =+IFERROR((E141+J141)/($D141+$I141),"") -> 0 | AC141: =+IFERROR((F141+K141)/($D141+$I141),"") -> 0 | AD141: =+IFERROR((G141+L141)/($D141+$I141),"") -> 1 | AE141: =+IFERROR((H141+M141)/($D141+$I141),"") -> 0
D142: =SUM(D113:D141)-D137-D138-D139 -> 12350780 | E142: =SUM(E113:E141) -> 4006914.4 | F142: =SUM(F113:F141)-F137-F138-F139 -> 4140387.3 | G142: =SUM(G113:G141) -> 3389234.5 | H142: =SUM(H113:H141) -> 814244.07 | I142: =SUM(I113:I141) -> 3956203.1 | J142: =SUM(J113:J141) -> 481120.46 | K142: =SUM(K113:K141) -> 793734.97 | L142: =SUM(L113:L141) -> 2161727.8 | M142: =SUM(M113:M141) -> 519619.84 | N142: =SUM(N113:N141) -> 62.722897 | P142: =SUM(P113:P141)*Conversions!$B$3 -> 8.6134218 | Q142: =SUM(Q113:Q141)*Conversions!$B$3 -> 2.0278035 | R142: =SUM(R113:R141)*Conversions!$B$3 -> 7.6002507 | S142: =SUM(S113:S141)*Conversions!$B$3 -> 0.86450902
D143: =+D142*Conversions!$B$3 -> 44.462809 | E143: =+E142*Conversions!$B$3 -> 14.424892 | F143: =+F142*Conversions!$B$3 -> 14.905394 | G143: =+G142*Conversions!$B$3 -> 12.201244 | H143: =+H142*Conversions!$B$3 -> 2.9312787 | I143: =+I142*Conversions!$B$3 -> 14.242331 | J143: =+J142*Conversions!$B$3 -> 1.7320337 | K143: =+K142*Conversions!$B$3 -> 2.8574459 | ... M143: =+M142*Conversions!$B$3 -> 1.8706314
D145: ETS | E145: ETS | F145: ETS | G145: ETS | H145: ETS | I145: ETS | J145: Non-ETS | K145: Non-ETS | L145: Non-ETS | M145: Non-ETS | N145: Non-ETS | O145: Non-ETS | T145: ETS | U145: ETS | V145: ETS | W145: ETS | X145: ETS | Y145: ETS | Z145: Non-ETS | AA145: Non-ETS | AB145: Non-ETS | AC145: Non-ETS | AD145: Non-ETS | AE145: Non-ETS
D146: Bio waste | E146: Non-bio waste | F146: Solid Fuels | G146: Oil | H146: Gas | I146: Bio fuel | J146: Bio waste | K146: Non-bio waste | L146: Solid Fuels | M146: Oil | N146: Gas | O146: Bio fuel | T146: Bio waste | U146: Non-bio waste | V146: Solid Fuels | W146: Oil | X146: Gas | Y146: Bio fuel | Z146: Bio waste | AA146: Non-bio waste | AB146: Solid Fuels | AC146: Oil | AD146: Gas | AE146: Bio fuel
B147: Cement | C147: Cement/Lime Kiln | D147: =+SUMIFS($J$4:$J$107,$C$4:$C$107,$B147,$T$4:$T$107,$C147,$F$4:$F$107,D$146,$D$4:$D$107,D$145) -> 0.58521505 | E147: =+SUMIFS($J$4:$J$107,$C$4:$C$107,$B147,$T$4:$T$107,$C147,$F$4:$F$107,E$146,$D$4:$D$107,E$145) -> 0.81669137 | F147: =+SUMIFS($J$4:$J$107,$C$4:$C$107,$B147,$T$4:$T$107,$C147,$F$4:$F$107,F$146,$D$4:$D$107,F$145) -> 2.5664154 | G147: =+SUMIFS($J$4:$J$107,$C$4:$C$107,$B147,$T$4:$T$107,$C147,$F$4:$F$107,G$146,$D$4:$D$107,G$145) -> 0.031544078 | H147: =+SUMIFS($J$4:$J$107,$C$4:$C$107,$B147,$T$4:$T$107,$C147,$F$4:$F$107,H$146,$D$4:$D$107,H$145) -> 0.00013407986 | I147: =+SUMIFS($J$4:$J$107,$C$4:$C$107,$B147,$T$4:$T$107,$C147,$F$4:$F$107,I$146,$D$4:$D$107,I$145) -> 0 | J147: =+SUMIFS($J$4:$J$107,$C$4:$C$107,$B147,$T$4:$T$107,$C147,$F$4:$F$107,J$146,$D$4:$D$107,J$145) -> 0 | K147: =+SUMIFS($J$4:$J$107,$C$4:$C$107,$B147,$T$4:$T$107,$C147,$F$4:$F$107,K$146,$D$4:$D$107,K$145) -> 0 | ... O147: =+SUMIFS($J$4:$J$107,$C$4:$C$107,$B147,$T$4:$T$107,$C147,$F$4:$F$107,O$146,$D$4:$D$107,O$145) -> 0 | R147: Cement | S147: Cement/Lime Kiln | T147: =+$D113/$O113*D179 -> 455688.46 | U147: =+$D113/$O113*E179 -> 635931.76 | V147: =+$D113/$O113*F179 -> 1998386.6 | W147: =+$D113/$O113*G179 -> 24562.377 | X147: =+$D113/$O113*H179 -> 104.40375 | Y147: =+$D113/$O113*I179 -> 0 | Z147: =+$I113/$O113*J179 -> 0 | AA147: =+$I113/$O113*K179 -> 0 | AB147: =+$I113/$O113*L179 -> 0 | AC147: =+$I113/$O113*M179 -> 0 | AD147: =+$I113/$O113*N179 -> 0 | AE147: =+$I113/$O113*O179 -> 0
B148: Cement | C148: Dryer | D148: =+SUMIFS($J$4:$J$107,$C$4:$C$107,$B148,$T$4:$T$107,$C148,$F$4:$F$107,D$146,$D$4:$D$107,D$145) -> 0.58521505 | E148: =+SUMIFS($J$4:$J$107,$C$4:$C$107,$B148,$T$4:$T$107,$C148,$F$4:$F$107,E$146,$D$4:$D$107,E$145) -> 0.81669137 | F148: =+SUMIFS($J$4:$J$107,$C$4:$C$107,$B148,$T$4:$T$107,$C148,$F$4:$F$107,F$146,$D$4:$D$107,F$145) -> 2.5664154 | G148: =+SUMIFS($J$4:$J$107,$C$4:$C$107,$B148,$T$4:$T$107,$C148,$F$4:$F$107,G$146,$D$4:$D$107,G$145) -> 0.031544078 | H148: =+SUMIFS($J$4:$J$107,$C$4:$C$107,$B148,$T$4:$T$107,$C148,$F$4:$F$107,H$146,$D$4:$D$107,H$145) -> 0.00013407986 | I148: =+SUMIFS($J$4:$J$107,$C$4:$C$107,$B148,$T$4:$T$107,$C148,$F$4:$F$107,I$146,$D$4:$D$107,I$145) -> 0 | J148: =+SUMIFS($J$4:$J$107,$C$4:$C$107,$B148,$T$4:$T$107,$C148,$F$4:$F$107,J$146,$D$4:$D$107,J$145) -> 0 | K148: =+SUMIFS($J$4:$J$107,$C$4:$C$107,$B148,$T$4:$T$107,$C148,$F$4:$F$107,K$146,$D$4:$D$107,K$145) -> 0 | ... O148: =+SUMIFS($J$4:$J$107,$C$4:$C$107,$B148,$T$4:$T$107,$C148,$F$4:$F$107,O$146,$D$4:$D$107,O$145) -> 0 | R148: Cement | S148: Dryer | T148: =+$D114/$O114*D180 -> 14093.458 | U148: =+$D114/$O114*E180 -> 19667.992 | V148: =+$D114/$O114*F180 -> 61805.77 | W148: =+$D114/$O114*G180 -> 759.66113 | X148: =+$D114/$O114*H180 -> 3.2289819 | Y148: =+$D114/$O114*I180 -> 0 | Z148: =+$I114/$O114*J180 -> 0 | AA148: =+$I114/$O114*K180 -> 0 | AB148: =+$I114/$O114*L180 -> 0 | AC148: =+$I114/$O114*M180 -> 0 | AD148: =+$I114/$O114*N180 -> 0 | AE148: =+$I114/$O114*O180 -> 0
B149: Chemicals | C149: Dryer | D149: =+SUMIFS($J$4:$J$107,$C$4:$C$107,$B149,$T$4:$T$107,$C149,$F$4:$F$107,D$146,$D$4:$D$107,D$145) -> 0 | E149: =+SUMIFS($J$4:$J$107,$C$4:$C$107,$B149,$T$4:$T$107,$C149,$F$4:$F$107,E$146,$D$4:$D$107,E$145) -> 0 | F149: =+SUMIFS($J$4:$J$107,$C$4:$C$107,$B149,$T$4:$T$107,$C149,$F$4:$F$107,F$146,$D$4:$D$107,F$145) -> 0 | G149: =+SUMIFS($J$4:$J$107,$C$4:$C$107,$B149,$T$4:$T$107,$C149,$F$4:$F$107,G$146,$D$4:$D$107,G$145) -> 0 | H149: =+SUMIFS($J$4:$J$107,$C$4:$C$107,$B149,$T$4:$T$107,$C149,$F$4:$F$107,H$146,$D$4:$D$107,H$145) -> 0 | I149: =+SUMIFS($J$4:$J$107,$C$4:$C$107,$B149,$T$4:$T$107,$C149,$F$4:$F$107,I$146,$D$4:$D$107,I$145) -> 0 | J149: =+SUMIFS($J$4:$J$107,$C$4:$C$107,$B149,$T$4:$T$107,$C149,$F$4:$F$107,J$146,$D$4:$D$107,J$145) -> 0 | K149: =+SUMIFS($J$4:$J$107,$C$4:$C$107,$B149,$T$4:$T$107,$C149,$F$4:$F$107,K$146,$D$4:$D$107,K$145) -> 0 | ... O149: =+SUMIFS($J$4:$J$107,$C$4:$C$107,$B149,$T$4:$T$107,$C149,$F$4:$F$107,O$146,$D$4:$D$107,O$145) -> 0 | R149: Chemicals | S149: Dryer | T149: =+$D115/$O115*D181 -> 0 | U149: =+$D115/$O115*E181 -> 0 | V149: =+$D115/$O115*F181 -> 0 | W149: =+$D115/$O115*G181 -> 0 | X149: =+$D115/$O115*H181 -> 0 | Y149: =+$D115/$O115*I181 -> 0 | Z149: =+$I115/$O115*J181 -> 0 | AA149: =+$I115/$O115*K181 -> 0 | AB149: =+$I115/$O115*L181 -> 4957.211 | AC149: =+$I115/$O115*M181 -> 5375.6835 | AD149: =+$I115/$O115*N181 -> 39897.28 | AE149: =+$I115/$O115*O181 -> 0
B150: Chemicals | C150: CHP | D150: =+SUMIFS($J$4:$J$107,$C$4:$C$107,$B150,$T$4:$T$107,$C150,$F$4:$F$107,D$146,$D$4:$D$107,D$145) -> 0 | E150: =+SUMIFS($J$4:$J$107,$C$4:$C$107,$B150,$T$4:$T$107,$C150,$F$4:$F$107,E$146,$D$4:$D$107,E$145) -> 0 | F150: =+SUMIFS($J$4:$J$107,$C$4:$C$107,$B150,$T$4:$T$107,$C150,$F$4:$F$107,F$146,$D$4:$D$107,F$145) -> 0 | G150: =+SUMIFS($J$4:$J$107,$C$4:$C$107,$B150,$T$4:$T$107,$C150,$F$4:$F$107,G$146,$D$4:$D$107,G$145) -> 1.3359235 | H150: =+SUMIFS($J$4:$J$107,$C$4:$C$107,$B150,$T$4:$T$107,$C150,$F$4:$F$107,H$146,$D$4:$D$107,H$145) -> 17.664077 | I150: =+SUMIFS($J$4:$J$107,$C$4:$C$107,$B150,$T$4:$T$107,$C150,$F$4:$F$107,I$146,$D$4:$D$107,I$145) -> 0 | J150: =+SUMIFS($J$4:$J$107,$C$4:$C$107,$B150,$T$4:$T$107,$C150,$F$4:$F$107,J$146,$D$4:$D$107,J$145) -> 0 | K150: =+SUMIFS($J$4:$J$107,$C$4:$C$107,$B150,$T$4:$T$107,$C150,$F$4:$F$107,K$146,$D$4:$D$107,K$145) -> 0 | ... O150: =+SUMIFS($J$4:$J$107,$C$4:$C$107,$B150,$T$4:$T$107,$C150,$F$4:$F$107,O$146,$D$4:$D$107,O$145) -> 0 | R150: Chemicals | S150: CHP | T150: =+$D116/$O116*D182 -> 0 | U150: =+$D116/$O116*E182 -> 0 | V150: =+$D116/$O116*F182 -> 0 | W150: =+$D116/$O116*G182 -> 37167.951 | X150: =+$D116/$O116*H182 -> 491448.45 | Y150: =+$D116/$O116*I182 -> 0 | Z150: =+$I116/$O116*J182 -> 0 | AA150: =+$I116/$O116*K182 -> 0 | AB150: =+$I116/$O116*L182 -> 19828.844 | AC150: =+$I116/$O116*M182 -> 21502.734 | AD150: =+$I116/$O116*N182 -> 159589.12 | AE150: =+$I116/$O116*O182 -> 0
B151: Chemicals | C151: Boiler | D151: =+SUMIFS($J$4:$J$107,$C$4:$C$107,$B151,$T$4:$T$107,$C151,$F$4:$F$107,D$146,$D$4:$D$107,D$145) -> 0 | E151: =+SUMIFS($J$4:$J$107,$C$4:$C$107,$B151,$T$4:$T$107,$C151,$F$4:$F$107,E$146,$D$4:$D$107,E$145) -> 0 | F151: =+SUMIFS($J$4:$J$107,$C$4:$C$107,$B151,$T$4:$T$107,$C151,$F$4:$F$107,F$146,$D$4:$D$107,F$145) -> 0 | G151: =+SUMIFS($J$4:$J$107,$C$4:$C$107,$B151,$T$4:$T$107,$C151,$F$4:$F$107,G$146,$D$4:$D$107,G$145) -> 2.671847 | H151: =+SUMIFS($J$4:$J$107,$C$4:$C$107,$B151,$T$4:$T$107,$C151,$F$4:$F$107,H$146,$D$4:$D$107,H$145) -> 35.328153 | I151: =+SUMIFS($J$4:$J$107,$C$4:$C$107,$B151,$T$4:$T$107,$C151,$F$4:$F$107,I$146,$D$4:$D$107,I$145) -> 0 | J151: =+SUMIFS($J$4:$J$107,$C$4:$C$107,$B151,$T$4:$T$107,$C151,$F$4:$F$107,J$146,$D$4:$D$107,J$145) -> 0 | K151: =+SUMIFS($J$4:$J$107,$C$4:$C$107,$B151,$T$4:$T$107,$C151,$F$4:$F$107,K$146,$D$4:$D$107,K$145) -> 0 | ... O151: =+SUMIFS($J$4:$J$107,$C$4:$C$107,$B151,$T$4:$T$107,$C151,$F$4:$F$107,O$146,$D$4:$D$107,O$145) -> 0 | R151: Chemicals | S151: Boiler | T151: =+$D117/$O117*D183 -> 0 | U151: =+$D117/$O117*E183 -> 0 | V151: =+$D117/$O117*F183 -> 0 | W151: =+$D117/$O117*G183 -> 33451.156 | X151: =+$D117/$O117*H183 -> 442303.61 | Y151: =+$D117/$O117*I183 -> 0 | Z151: =+$I117/$O117*J183 -> 0 | AA151: =+$I117/$O117*K183 -> 0 | AB151: =+$I117/$O117*L183 -> 69400.954 | AC151: =+$I117/$O117*M183 -> 75259.569 | AD151: =+$I117/$O117*N183 -> 558561.93 | AE151: =+$I117/$O117*O183 -> 0
B152: Chemicals | C152: Oven | D152: =+SUMIFS($J$4:$J$107,$C$4:$C$107,$B152,$T$4:$T$107,$C152,$F$4:$F$107,D$146,$D$4:$D$107,D$145) -> 0 | E152: =+SUMIFS($J$4:$J$107,$C$4:$C$107,$B152,$T$4:$T$107,$C152,$F$4:$F$107,E$146,$D$4:$D$107,E$145) -> 0 | F152: =+SUMIFS($J$4:$J$107,$C$4:$C$107,$B152,$T$4:$T$107,$C152,$F$4:$F$107,F$146,$D$4:$D$107,F$145) -> 0 | G152: =+SUMIFS($J$4:$J$107,$C$4:$C$107,$B152,$T$4:$T$107,$C152,$F$4:$F$107,G$146,$D$4:$D$107,G$145) -> 1.3359235 | H152: =+SUMIFS($J$4:$J$107,$C$4:$C$107,$B152,$T$4:$T$107,$C152,$F$4:$F$107,H$146,$D$4:$D$107,H$145) -> 17.664077 | I152: =+SUMIFS($J$4:$J$107,$C$4:$C$107,$B152,$T$4:$T$107,$C152,$F$4:$F$107,I$146,$D$4:$D$107,I$145) -> 0 | J152: =+SUMIFS($J$4:$J$107,$C$4:$C$107,$B152,$T$4:$T$107,$C152,$F$4:$F$107,J$146,$D$4:$D$107,J$145) -> 0 | K152: =+SUMIFS($J$4:$J$107,$C$4:$C$107,$B152,$T$4:$T$107,$C152,$F$4:$F$107,K$146,$D$4:$D$107,K$145) -> 0 | ... O152: =+SUMIFS($J$4:$J$107,$C$4:$C$107,$B152,$T$4:$T$107,$C152,$F$4:$F$107,O$146,$D$4:$D$107,O$145) -> 0 | R152: Chemicals | S152: Oven | T152: =+$D118/$O118*D184 -> 0 | U152: =+$D118/$O118*E184 -> 0 | V152: =+$D118/$O118*F184 -> 0 | W152: =+$D118/$O118*G184 -> 3716.7951 | X152: =+$D118/$O118*H184 -> 49144.845 | Y152: =+$D118/$O118*I184 -> 0 | Z152: =+$I118/$O118*J184 -> 0 | AA152: =+$I118/$O118*K184 -> 0 | AB152: =+$I118/$O118*L184 -> 4957.211 | AC152: =+$I118/$O118*M184 -> 5375.6835 | AD152: =+$I118/$O118*N184 -> 39897.28 | AE152: =+$I118/$O118*O184 -> 0
B153: Food and Drink | C153: Dryer | D153: =+SUMIFS($J$4:$J$107,$C$4:$C$107,$B153,$T$4:$T$107,$C153,$F$4:$F$107,D$146,$D$4:$D$107,D$145) -> 0 | E153: =+SUMIFS($J$4:$J$107,$C$4:$C$107,$B153,$T$4:$T$107,$C153,$F$4:$F$107,E$146,$D$4:$D$107,E$145) -> 0 | F153: =+SUMIFS($J$4:$J$107,$C$4:$C$107,$B153,$T$4:$T$107,$C153,$F$4:$F$107,F$146,$D$4:$D$107,F$145) -> 0 | G153: =+SUMIFS($J$4:$J$107,$C$4:$C$107,$B153,$T$4:$T$107,$C153,$F$4:$F$107,G$146,$D$4:$D$107,G$145) -> 0.98091603 | H153: =+SUMIFS($J$4:$J$107,$C$4:$C$107,$B153,$T$4:$T$107,$C153,$F$4:$F$107,H$146,$D$4:$D$107,H$145) -> 13.474852 | I153: =+SUMIFS($J$4:$J$107,$C$4:$C$107,$B153,$T$4:$T$107,$C153,$F$4:$F$107,I$146,$D$4:$D$107,I$145) -> 0.54423216 | J153: =+SUMIFS($J$4:$J$107,$C$4:$C$107,$B153,$T$4:$T$107,$C153,$F$4:$F$107,J$146,$D$4:$D$107,J$145) -> 0 | K153: =+SUMIFS($J$4:$J$107,$C$4:$C$107,$B153,$T$4:$T$107,$C153,$F$4:$F$107,K$146,$D$4:$D$107,K$145) -> 0 | ... O153: =+SUMIFS($J$4:$J$107,$C$4:$C$107,$B153,$T$4:$T$107,$C153,$F$4:$F$107,O$146,$D$4:$D$107,O$145) -> 131.42233 | R153: Food and Drink | S153: Dryer | T153: =+$D119/$O119*D185 -> 0 | U153: =+$D119/$O119*E185 -> 0 | V153: =+$D119/$O119*F185 -> 0 | W153: =+$D119/$O119*G185 -> 13507.125 | X153: =+$D119/$O119*H185 -> 185547.49 | Y153: =+$D119/$O119*I185 -> 7494.0278 | Z153: =+$I119/$O119*J185 -> 0 | AA153: =+$I119/$O119*K185 -> 0 | AB153: =+$I119/$O119*L185 -> 0 | AC153: =+$I119/$O119*M185 -> 26079.39 | AD153: =+$I119/$O119*N185 -> 7296.0935 | AE153: =+$I119/$O119*O185 -> 8129.1058
B154: Food and Drink | C154: CHP | D154: =+SUMIFS($J$4:$J$107,$C$4:$C$107,$B154,$T$4:$T$107,$C154,$F$4:$F$107,D$146,$D$4:$D$107,D$145) -> 0 | E154: =+SUMIFS($J$4:$J$107,$C$4:$C$107,$B154,$T$4:$T$107,$C154,$F$4:$F$107,E$146,$D$4:$D$107,E$145) -> 0 | F154: =+SUMIFS($J$4:$J$107,$C$4:$C$107,$B154,$T$4:$T$107,$C154,$F$4:$F$107,F$146,$D$4:$D$107,F$145) -> 0 | G154: =+SUMIFS($J$4:$J$107,$C$4:$C$107,$B154,$T$4:$T$107,$C154,$F$4:$F$107,G$146,$D$4:$D$107,G$145) -> 1.9618321 | H154: =+SUMIFS($J$4:$J$107,$C$4:$C$107,$B154,$T$4:$T$107,$C154,$F$4:$F$107,H$146,$D$4:$D$107,H$145) -> 26.949704 | I154: =+SUMIFS($J$4:$J$107,$C$4:$C$107,$B154,$T$4:$T$107,$C154,$F$4:$F$107,I$146,$D$4:$D$107,I$145) -> 1.0884643 | J154: =+SUMIFS($J$4:$J$107,$C$4:$C$107,$B154,$T$4:$T$107,$C154,$F$4:$F$107,J$146,$D$4:$D$107,J$145) -> 0 | K154: =+SUMIFS($J$4:$J$107,$C$4:$C$107,$B154,$T$4:$T$107,$C154,$F$4:$F$107,K$146,$D$4:$D$107,K$145) -> 0 | ... O154: =+SUMIFS($J$4:$J$107,$C$4:$C$107,$B154,$T$4:$T$107,$C154,$F$4:$F$107,O$146,$D$4:$D$107,O$145) -> 131.42233 | R154: Food and Drink | S154: CHP | T154: =+$D120/$O120*D186 -> 0 | U154: =+$D120/$O120*E186 -> 0 | V154: =+$D120/$O120*F186 -> 0 | W154: =+$D120/$O120*G186 -> 121564.13 | X154: =+$D120/$O120*H186 -> 1669927.4 | Y154: =+$D120/$O120*I186 -> 67446.25 | Z154: =+$I120/$O120*J186 -> 0 | AA154: =+$I120/$O120*K186 -> 0 | AB154: =+$I120/$O120*L186 -> 0 | AC154: =+$I120/$O120*M186 -> 78238.171 | AD154: =+$I120/$O120*N186 -> 21888.28 | AE154: =+$I120/$O120*O186 -> 24387.317
B155: Food and Drink | C155: Boiler | D155: =+SUMIFS($J$4:$J$107,$C$4:$C$107,$B155,$T$4:$T$107,$C155,$F$4:$F$107,D$146,$D$4:$D$107,D$145) -> 0 | E155: =+SUMIFS($J$4:$J$107,$C$4:$C$107,$B155,$T$4:$T$107,$C155,$F$4:$F$107,E$146,$D$4:$D$107,E$145) -> 0 | F155: =+SUMIFS($J$4:$J$107,$C$4:$C$107,$B155,$T$4:$T$107,$C155,$F$4:$F$107,F$146,$D$4:$D$107,F$145) -> 0 | G155: =+SUMIFS($J$4:$J$107,$C$4:$C$107,$B155,$T$4:$T$107,$C155,$F$4:$F$107,G$146,$D$4:$D$107,G$145) -> 3.9236641 | H155: =+SUMIFS($J$4:$J$107,$C$4:$C$107,$B155,$T$4:$T$107,$C155,$F$4:$F$107,H$146,$D$4:$D$107,H$145) -> 53.899407 | I155: =+SUMIFS($J$4:$J$107,$C$4:$C$107,$B155,$T$4:$T$107,$C155,$F$4:$F$107,I$146,$D$4:$D$107,I$145) -> 2.1769286 | J155: =+SUMIFS($J$4:$J$107,$C$4:$C$107,$B155,$T$4:$T$107,$C155,$F$4:$F$107,J$146,$D$4:$D$107,J$145) -> 0 | K155: =+SUMIFS($J$4:$J$107,$C$4:$C$107,$B155,$T$4:$T$107,$C155,$F$4:$F$107,K$146,$D$4:$D$107,K$145) -> 0 | ... O155: =+SUMIFS($J$4:$J$107,$C$4:$C$107,$B155,$T$4:$T$107,$C155,$F$4:$F$107,O$146,$D$4:$D$107,O$145) -> 131.42233 | R155: Food and Drink | S155: Boiler | T155: =+$D121/$O121*D187 -> 0 | U155: =+$D121/$O121*E187 -> 0 | V155: =+$D121/$O121*F187 -> 0 | W155: =+$D121/$O121*G187 -> 108057 | X155: =+$D121/$O121*H187 -> 1484380 | Y155: =+$D121/$O121*I187 -> 59952.222 | Z155: =+$I121/$O121*J187 -> 0 | AA155: =+$I121/$O121*K187 -> 0 | AB155: =+$I121/$O121*L187 -> 0 | AC155: =+$I121/$O121*M187 -> 365111.46 | AD155: =+$I121/$O121*N187 -> 102145.31 | AE155: =+$I121/$O121*O187 -> 113807.48
B156: Food and Drink | C156: Oven | D156: =+SUMIFS($J$4:$J$107,$C$4:$C$107,$B156,$T$4:$T$107,$C156,$F$4:$F$107,D$146,$D$4:$D$107,D$145) -> 0 | E156: =+SUMIFS($J$4:$J$107,$C$4:$C$107,$B156,$T$4:$T$107,$C156,$F$4:$F$107,E$146,$D$4:$D$107,E$145) -> 0 | F156: =+SUMIFS($J$4:$J$107,$C$4:$C$107,$B156,$T$4:$T$107,$C156,$F$4:$F$107,F$146,$D$4:$D$107,F$145) -> 0 | G156: =+SUMIFS($J$4:$J$107,$C$4:$C$107,$B156,$T$4:$T$107,$C156,$F$4:$F$107,G$146,$D$4:$D$107,G$145) -> 0.98091603 | H156: =+SUMIFS($J$4:$J$107,$C$4:$C$107,$B156,$T$4:$T$107,$C156,$F$4:$F$107,H$146,$D$4:$D$107,H$145) -> 13.474852 | I156: =+SUMIFS($J$4:$J$107,$C$4:$C$107,$B156,$T$4:$T$107,$C156,$F$4:$F$107,I$146,$D$4:$D$107,I$145) -> 0.54423216 | J156: =+SUMIFS($J$4:$J$107,$C$4:$C$107,$B156,$T$4:$T$107,$C156,$F$4:$F$107,J$146,$D$4:$D$107,J$145) -> 0 | K156: =+SUMIFS($J$4:$J$107,$C$4:$C$107,$B156,$T$4:$T$107,$C156,$F$4:$F$107,K$146,$D$4:$D$107,K$145) -> 0 | ... O156: =+SUMIFS($J$4:$J$107,$C$4:$C$107,$B156,$T$4:$T$107,$C156,$F$4:$F$107,O$146,$D$4:$D$107,O$145) -> 131.42233 | R156: Food and Drink | S156: Oven | T156: =+$D122/$O122*D188 -> 0 | U156: =+$D122/$O122*E188 -> 0 | V156: =+$D122/$O122*F188 -> 0 | W156: =+$D122/$O122*G188 -> 27014.251 | X156: =+$D122/$O122*H188 -> 371094.99 | Y156: =+$D122/$O122*I188 -> 14988.056 | Z156: =+$I122/$O122*J188 -> 0 | AA156: =+$I122/$O122*K188 -> 0 | AB156: =+$I122/$O122*L188 -> 0 | AC156: =+$I122/$O122*M188 -> 52158.781 | AD156: =+$I122/$O122*N188 -> 14592.187 | AE156: =+$I122/$O122*O188 -> 16258.212
B157: Lime | C157: Cement/Lime Kiln | D157: =+SUMIFS($J$4:$J$107,$C$4:$C$107,$B157,$T$4:$T$107,$C157,$F$4:$F$107,D$146,$D$4:$D$107,D$145) -> 0 | E157: =+SUMIFS($J$4:$J$107,$C$4:$C$107,$B157,$T$4:$T$107,$C157,$F$4:$F$107,E$146,$D$4:$D$107,E$145) -> 0 | F157: =+SUMIFS($J$4:$J$107,$C$4:$C$107,$B157,$T$4:$T$107,$C157,$F$4:$F$107,F$146,$D$4:$D$107,F$145) -> 1.3436796 | G157: =+SUMIFS($J$4:$J$107,$C$4:$C$107,$B157,$T$4:$T$107,$C157,$F$4:$F$107,G$146,$D$4:$D$107,G$145) -> 0 | H157: =+SUMIFS($J$4:$J$107,$C$4:$C$107,$B157,$T$4:$T$107,$C157,$F$4:$F$107,H$146,$D$4:$D$107,H$145) -> 1.6487741 | I157: =+SUMIFS($J$4:$J$107,$C$4:$C$107,$B157,$T$4:$T$107,$C157,$F$4:$F$107,I$146,$D$4:$D$107,I$145) -> 0 | J157: =+SUMIFS($J$4:$J$107,$C$4:$C$107,$B157,$T$4:$T$107,$C157,$F$4:$F$107,J$146,$D$4:$D$107,J$145) -> 0 | K157: =+SUMIFS($J$4:$J$107,$C$4:$C$107,$B157,$T$4:$T$107,$C157,$F$4:$F$107,K$146,$D$4:$D$107,K$145) -> 0 | ... O157: =+SUMIFS($J$4:$J$107,$C$4:$C$107,$B157,$T$4:$T$107,$C157,$F$4:$F$107,O$146,$D$4:$D$107,O$145) -> 0 | R157: Lime | S157: Cement/Lime Kiln | T157: =+$D123/$O123*D189 -> 0 | U157: =+$D123/$O123*E189 -> 0 | V157: =+$D123/$O123*F189 -> 137390.06 | W157: =+$D123/$O123*G189 -> 0 | X157: =+$D123/$O123*H189 -> 168585.7 | Y157: =+$D123/$O123*I189 -> 0 | Z157: =+$I123/$O123*J189 -> 0 | AA157: =+$I123/$O123*K189 -> 0 | AB157: =+$I123/$O123*L189 -> 0 | AC157: =+$I123/$O123*M189 -> 0 | AD157: =+$I123/$O123*N189 -> 0 | AE157: =+$I123/$O123*O189 -> 0
B158: Lime | C158: Furnace | D158: =+SUMIFS($J$4:$J$107,$C$4:$C$107,$B158,$T$4:$T$107,$C158,$F$4:$F$107,D$146,$D$4:$D$107,D$145) -> 0 | E158: =+SUMIFS($J$4:$J$107,$C$4:$C$107,$B158,$T$4:$T$107,$C158,$F$4:$F$107,E$146,$D$4:$D$107,E$145) -> 0 | F158: =+SUMIFS($J$4:$J$107,$C$4:$C$107,$B158,$T$4:$T$107,$C158,$F$4:$F$107,F$146,$D$4:$D$107,F$145) -> 1.3436796 | G158: =+SUMIFS($J$4:$J$107,$C$4:$C$107,$B158,$T$4:$T$107,$C158,$F$4:$F$107,G$146,$D$4:$D$107,G$145) -> 0 | H158: =+SUMIFS($J$4:$J$107,$C$4:$C$107,$B158,$T$4:$T$107,$C158,$F$4:$F$107,H$146,$D$4:$D$107,H$145) -> 1.6487741 | I158: =+SUMIFS($J$4:$J$107,$C$4:$C$107,$B158,$T$4:$T$107,$C158,$F$4:$F$107,I$146,$D$4:$D$107,I$145) -> 0 | J158: =+SUMIFS($J$4:$J$107,$C$4:$C$107,$B158,$T$4:$T$107,$C158,$F$4:$F$107,J$146,$D$4:$D$107,J$145) -> 0 | K158: =+SUMIFS($J$4:$J$107,$C$4:$C$107,$B158,$T$4:$T$107,$C158,$F$4:$F$107,K$146,$D$4:$D$107,K$145) -> 0 | ... O158: =+SUMIFS($J$4:$J$107,$C$4:$C$107,$B158,$T$4:$T$107,$C158,$F$4:$F$107,O$146,$D$4:$D$107,O$145) -> 0 | R158: Lime | S158: Furnace | T158: =+$D124/$O124*D190 -> 0 | U158: =+$D124/$O124*E190 -> 0 | V158: =+$D124/$O124*F190 -> 36637.348 | W158: =+$D124/$O124*G190 -> 0 | X158: =+$D124/$O124*H190 -> 44956.186 | Y158: =+$D124/$O124*I190 -> 0 | Z158: =+$I124/$O124*J190 -> 0 | AA158: =+$I124/$O124*K190 -> 0 | AB158: =+$I124/$O124*L190 -> 0 | AC158: =+$I124/$O124*M190 -> 0 | AD158: =+$I124/$O124*N190 -> 0 | AE158: =+$I124/$O124*O190 -> 0
... B175: Wood Products | C175: Boiler | D175: =+SUMIFS($J$4:$J$107,$C$4:$C$107,$B175,$T$4:$T$107,$C175,$F$4:$F$107,D$146,$D$4:$D$107,D$145) -> 0 | E175: =+SUMIFS($J$4:$J$107,$C$4:$C$107,$B175,$T$4:$T$107,$C175,$F$4:$F$107,E$146,$D$4:$D$107,E$145) -> 0 | F175: =+SUMIFS($J$4:$J$107,$C$4:$C$107,$B175,$T$4:$T$107,$C175,$F$4:$F$107,F$146,$D$4:$D$107,F$145) -> 0 | G175: =+SUMIFS($J$4:$J$107,$C$4:$C$107,$B175,$T$4:$T$107,$C175,$F$4:$F$107,G$146,$D$4:$D$107,G$145) -> 0 | H175: =+SUMIFS($J$4:$J$107,$C$4:$C$107,$B175,$T$4:$T$107,$C175,$F$4:$F$107,H$146,$D$4:$D$107,H$145) -> 0 | I175: =+SUMIFS($J$4:$J$107,$C$4:$C$107,$B175,$T$4:$T$107,$C175,$F$4:$F$107,I$146,$D$4:$D$107,I$145) -> 5.8031443 | J175: =+SUMIFS($J$4:$J$107,$C$4:$C$107,$B175,$T$4:$T$107,$C175,$F$4:$F$107,J$146,$D$4:$D$107,J$145) -> 0 | K175: =+SUMIFS($J$4:$J$107,$C$4:$C$107,$B175,$T$4:$T$107,$C175,$F$4:$F$107,K$146,$D$4:$D$107,K$145) -> 0 | ... O175: =+SUMIFS($J$4:$J$107,$C$4:$C$107,$B175,$T$4:$T$107,$C175,$F$4:$F$107,O$146,$D$4:$D$107,O$145) -> 236.64463 | R175: Wood Products | S175: Boiler | T175: =+$D141/$O141*D207 -> 0 | U175: =+$D141/$O141*E207 -> 0 | V175: =+$D141/$O141*F207 -> 0 | W175: =+$D141/$O141*G207 -> 0 | X175: =+$D141/$O141*H207 -> 0 | Y175: =+$D141/$O141*I207 -> 381823.04 | Z175: =+$I141/$O141*J207 -> 0 | AA175: =+$I141/$O141*K207 -> 0 | AB175: =+$I141/$O141*L207 -> 0 | AC175: =+$I141/$O141*M207 -> 15100.797 | AD175: =+$I141/$O141*N207 -> 4448.7402 | AE175: =+$I141/$O141*O207 -> 322269.23
T176: =SUM(T147:T175)*Conversions!$B$3 -> 1.6912149 | U176: =SUM(U147:U175)*Conversions!$B$3 -> 2.3601591 | V176: =SUM(V147:V175)*Conversions!$B$3 -> 8.119102 | W176: =SUM(W147:W175)*Conversions!$B$3 -> 1.4423946 | X176: =SUM(X147:X175)*Conversions!$B$3 -> 46.687345 | Y176: =SUM(Y147:Y175)*Conversions!$B$3 -> 3.9759773 | Z176: =SUM(Z147:Z175)*Conversions!$B$3 -> 0 | AA176: =SUM(AA147:AA175)*Conversions!$B$3 -> 0 | ... AE176: =SUM(AE147:AE175)*Conversions!$B$3 -> 2.5653255
D177: ETS | E177: ETS | F177: ETS | G177: ETS | H177: ETS | I177: ETS | J177: Non-ETS | K177: Non-ETS | L177: Non-ETS | M177: Non-ETS | N177: Non-ETS | O177: Non-ETS
D178: Bio waste | E178: Non-bio waste | F178: Solid Fuels | G178: Oil | H178: Gas | I178: Bio fuel | J178: Bio waste | K178: Non-bio waste | L178: Solid Fuels | M178: Oil | N178: Gas | O178: Bio fuel | R178: Energy consumption | T178: ETS | U178: ETS | V178: ETS | W178: ETS | X178: ETS | Y178: ETS | Z178: Non-ETS | AA178: Non-ETS | AB178: Non-ETS | AC178: Non-ETS | AD178: Non-ETS | AE178: Non-ETS | AO178: Energy Balance 2019 | AW178: Energy Balance 2018 | BE178: 2019
B179: Cement | C179: Cement/Lime Kiln | D179: =+IFERROR(D147/SUM($D147:$I147),0) -> 0.14630376 | E179: =+IFERROR(E147/SUM($D147:$I147),0) -> 0.20417284 | F179: =+IFERROR(F147/SUM($D147:$I147),0) -> 0.64160385 | G179: =+IFERROR(G147/SUM($D147:$I147),0) -> 0.0078860196 | H179: =+IFERROR(H147/SUM($D147:$I147),0) -> 3.3519965e-05 | I179: =+IFERROR(I147/SUM($D147:$I147),0) -> 0 | J179: =+IFERROR(J147/SUM($J147:$O147),0) -> 0 | K179: =+IFERROR(K147/SUM($J147:$O147),0) -> 0 | L179: =+IFERROR(L147/SUM($J147:$O147),0) -> 0 | M179: =+IFERROR(M147/SUM($J147:$O147),0) -> 0 | N179: =+IFERROR(N147/SUM($J147:$O147),0) -> 0 | O179: =+IFERROR(O147/SUM($J147:$O147),0) -> 0 | T179: Bio waste | U179: Non-bio waste | V179: Solid Fuels | W179: Oil | X179: Gas | Y179: Bio fuel | Z179: Bio waste | AA179: Non-bio waste | AB179: Solid Fuels | AC179: Oil | AD179: Gas | AE179: Bio fuel | AF179: Bio waste | AG179: Non-bio waste | AH179: Solid Fuels | AI179: Oil | AJ179: Gas | AK179: Bio fuel | AL179: Total | AM179: Electricity | AO179: Total (excluding electricity | AP179: Bio waste | AQ179: Non-bio waste | AR179: Solid Fuels | AS179: Oil | AT179: Gas | AU179: Bio fuel | AV179: Electricity | AW179: Total (excluding electricity | AX179: Bio waste | AY179: Non-bio waste | AZ179: Solid Fuels | BA179: Oil | BB179: Gas | BC179: Bio fuel | BD179: Electricity | BE179: Petroleum coke | BF179: Gas(CHP)
B180: Cement | C180: Dryer | D180: =+IFERROR(D148/SUM($D148:$I148),0) -> 0.14630376 | E180: =+IFERROR(E148/SUM($D148:$I148),0) -> 0.20417284 | F180: =+IFERROR(F148/SUM($D148:$I148),0) -> 0.64160385 | G180: =+IFERROR(G148/SUM($D148:$I148),0) -> 0.0078860196 | H180: =+IFERROR(H148/SUM($D148:$I148),0) -> 3.3519965e-05 | I180: =+IFERROR(I148/SUM($D148:$I148),0) -> 0 | J180: =+IFERROR(J148/SUM($J148:$O148),0) -> 0 | K180: =+IFERROR(K148/SUM($J148:$O148),0) -> 0 | L180: =+IFERROR(L148/SUM($J148:$O148),0) -> 0 | M180: =+IFERROR(M148/SUM($J148:$O148),0) -> 0 | N180: =+IFERROR(N148/SUM($J148:$O148),0) -> 0 | O180: =+IFERROR(O148/SUM($J148:$O148),0) -> 0 | R180: Cement | S180: =+SUM(T180:AE180) -> 11.559613 | T180: =+SUMIF($R$147:$R$175,$R180,T$147:T$175)*Conversions!$B$3 -> 1.6912149 | U180: =+SUMIF($R$147:$R$175,$R180,U$147:U$175)*Conversions!$B$3 -> 2.3601591 | V180: =+SUMIF($R$147:$R$175,$R180,V$147:V$175)*Conversions!$B$3 -> 7.4166924 | W180: =+SUMIF($R$147:$R$175,$R180,W$147:W$175)*Conversions!$B$3 -> 0.091159336 | X180: =+SUMIF($R$147:$R$175,$R180,X$147:X$175)*Conversions!$B$3 -> 0.00038747782 | Y180: =+SUMIF($R$147:$R$175,$R180,Y$147:Y$175)*Conversions!$B$3 -> 0 | Z180: =+SUMIF($R$147:$R$175,$R180,Z$147:Z$175)*Conversions!$B$3 -> 0 | AA180: =+SUMIF($R$147:$R$175,$R180,AA$147:AA$175)*Conversions!$B$3 -> 0 | ... AE180: =+SUMIF($R$147:$R$175,$R180,AE$147:AE$175)*Conversions!$B$3 -> 0 | AF180: =+Z180+T180 -> 1.6912149 | AG180: =+AA180+U180 -> 2.3601591 | AH180: =+AB180+V180 -> 7.4166924 | AI180: =+AC180+W180 -> 0.091159336 | AJ180: =+AD180+X180 -> 0.00038747782 | AK180: =+AE180+Y180 -> 0 | AL180: =SUM(AF180:AK180) -> 11.559613 | AM180: =SUMIF($T$113:$T$141,AN180,$P$113:$S$141)*Conversions!$B$3 -> 2.2967163 | AN180: Cement | AO180: =+SUM(AP180:AU180) -> 14.828139 | AP180: =+'EB2019'!AF38*Conversions!$B$2 -> 1.6912623 | AQ180: =+'EB2019'!AN38*Conversions!$B$2 -> 2.3723126 | AR180: =+'EB2019'!C38*Conversions!$B$2 -> 3.3139014 | AS180: =+'EB2019'!L38*Conversions!$B$2 -> 5.9846648 | AT180: =+'EB2019'!AA38*Conversions!$B$2 -> 1.4195817 | AU180: =+'EB2019'!AE38*Conversions!$B$2 -> 0.046415882 | AV180: =+'EB2019'!AO38*Conversions!$B$2 -> 2.7851701 | AW180: =+SUM(AX180:BC180) -> 16.397385 | AX180: =+'EB2018'!AF38*Conversions!$B$2 -> 1.7037305 | AY180: =+'EB2018'!AN38*Conversions!$B$2 -> 2.29114 | AZ180: =+'EB2018'!C38*Conversions!$B$2 -> 3.6391336 | BA180: =+'EB2018'!L38*Conversions!$B$2 -> 6.7124273 | BB180: =+'EB2018'!AA38*Conversions!$B$2 -> 1.9577646 | BC180: =+'EB2018'!AE38*Conversions!$B$2 -> 0.09318871 | BD180: =+'EB2018'!AO38*Conversions!$B$2 -> 3.0850921 | BE180: =+'EB2019'!V38*Conversions!$B$2 -> 5.3541849
B181: Chemicals | C181: Dryer | D181: =+IFERROR(D149/SUM($D149:$I149),0) -> 0 | E181: =+IFERROR(E149/SUM($D149:$I149),0) -> 0 | F181: =+IFERROR(F149/SUM($D149:$I149),0) -> 0 | G181: =+IFERROR(G149/SUM($D149:$I149),0) -> 0 | H181: =+IFERROR(H149/SUM($D149:$I149),0) -> 0 | I181: =+IFERROR(I149/SUM($D149:$I149),0) -> 0 | J181: =+IFERROR(J149/SUM($J149:$O149),0) -> 0 | K181: =+IFERROR(K149/SUM($J149:$O149),0) -> 0 | L181: =+IFERROR(L149/SUM($J149:$O149),0) -> 0.098689901 | M181: =+IFERROR(M149/SUM($J149:$O149),0) -> 0.107021 | N181: =+IFERROR(N149/SUM($J149:$O149),0) -> 0.7942891 | O181: =+IFERROR(O149/SUM($J149:$O149),0) -> 0 | R181: Chemicals | S181: =+SUM(T181:AE181) -> 7.4226107 | T181: =+SUMIF($R$147:$R$175,$R181,T$147:T$175)*Conversions!$B$3 -> 0 | U181: =+SUMIF($R$147:$R$175,$R181,U$147:U$175)*Conversions!$B$3 -> 0 | V181: =+SUMIF($R$147:$R$175,$R181,V$147:V$175)*Conversions!$B$3 -> 0 | W181: =+SUMIF($R$147:$R$175,$R181,W$147:W$175)*Conversions!$B$3 -> 0.26760924 | X181: =+SUMIF($R$147:$R$175,$R181,X$147:X$175)*Conversions!$B$3 -> 3.5384288 | Y181: =+SUMIF($R$147:$R$175,$R181,Y$147:Y$175)*Conversions!$B$3 -> 0 | Z181: =+SUMIF($R$147:$R$175,$R181,Z$147:Z$175)*Conversions!$B$3 -> 0 | AA181: =+SUMIF($R$147:$R$175,$R181,AA$147:AA$175)*Conversions!$B$3 -> 0 | ... AE181: =+SUMIF($R$147:$R$175,$R181,AE$147:AE$175)*Conversions!$B$3 -> 0 | AF181: =+Z181+T181 -> 0 | AG181: =+AA181+U181 -> 0 | AH181: =+AB181+V181 -> 0.35691919 | AI181: =+AC181+W181 -> 0.65465845 | AJ181: =+AD181+X181 -> 6.411033 | AK181: =+AE181+Y181 -> 0 | AL181: =SUM(AF181:AK181) -> 7.4226107 | AM181: =SUMIF($T$113:$T$141,AN181,$P$113:$S$141)*Conversions!$B$3 -> 2.1157762 | AN181: Chemicals | AO181: =+SUM(AP181:AU181) -> 6.7307563 | AP181: =(+'EB2019'!AF36*Conversions!$B$2)+(+'EB2019'!AF37*Conversions!$B$2) -> 0 | AQ181: =(+'EB2019'!AN36*Conversions!$B$2)+(+'EB2019'!AN37*Conversions!$B$2) -> 0 | AR181: =(+'EB2019'!C36*Conversions!$B$2)+(+'EB2019'!C37*Conversions!$B$2) -> 0 | AS181: =(+'EB2019'!L36*Conversions!$B$2)+(+'EB2019'!L37*Conversions!$B$2) -> 0.98446897 | AT181: =(+'EB2019'!AA36*Conversions!$B$2)+(+'EB2019'!AA37*Conversions!$B$2) -> 5.7462873 | AU181: =(+'EB2019'!AE36*Conversions!$B$2)+(+'EB2019'!AE37*Conversions!$B$2) -> 0 | AV181: =(+'EB2019'!AO36*Conversions!$B$2)+(+'EB2019'!AO37*Conversions!$B$2) -> 4.5228113 | AW181: =+SUM(AX181:BC181) -> 7.2286026 | AX181: =(+'EB2018'!AF36*Conversions!$B$2)+(+'EB2018'!AF37*Conversions!$B$2) -> 0 | AY181: =(+'EB2018'!AN36*Conversions!$B$2)+(+'EB2018'!AN37*Conversions!$B$2) -> 0 | AZ181: =(+'EB2018'!C36*Conversions!$B$2)+(+'EB2018'!C37*Conversions!$B$2) -> 0 | BA181: =(+'EB2018'!L36*Conversions!$B$2)+(+'EB2018'!L37*Conversions!$B$2) -> 1.0723091 | BB181: =(+'EB2018'!AA36*Conversions!$B$2)+(+'EB2018'!AA37*Conversions!$B$2) -> 6.1562935 | BC181: =(+'EB2018'!AE36*Conversions!$B$2)+(+'EB2018'!AE37*Conversions!$B$2) -> 0 | BD181: =(+'EB2018'!AO36*Conversions!$B$2)+(+'EB2018'!AO37*Conversions!$B$2) -> 4.2370706 | BE181: =(+'EB2019'!V36*Conversions!$B$2)+(+'EB2019'!V37*Conversions!$B$2) -> 0.380829
B182: Chemicals | C182: CHP | D182: =+IFERROR(D150/SUM($D150:$I150),0) -> 0 | E182: =+IFERROR(E150/SUM($D150:$I150),0) -> 0 | F182: =+IFERROR(F150/SUM($D150:$I150),0) -> 0 | G182: =+IFERROR(G150/SUM($D150:$I150),0) -> 0.070311762 | H182: =+IFERROR(H150/SUM($D150:$I150),0) -> 0.92968824 | I182: =+IFERROR(I150/SUM($D150:$I150),0) -> 0 | J182: =+IFERROR(J150/SUM($J150:$O150),0) -> 0 | K182: =+IFERROR(K150/SUM($J150:$O150),0) -> 0 | L182: =+IFERROR(L150/SUM($J150:$O150),0) -> 0.098689901 | M182: =+IFERROR(M150/SUM($J150:$O150),0) -> 0.107021 | N182: =+IFERROR(N150/SUM($J150:$O150),0) -> 0.7942891 | O182: =+IFERROR(O150/SUM($J150:$O150),0) -> 0 | R182: Food and Drink | S182: =+SUM(T182:AE182) -> 17.859833 | T182: =+SUMIF($R$147:$R$175,$R182,T$147:T$175)*Conversions!$B$3 -> 0 | U182: =+SUMIF($R$147:$R$175,$R182,U$147:U$175)*Conversions!$B$3 -> 0 | V182: =+SUMIF($R$147:$R$175,$R182,V$147:V$175)*Conversions!$B$3 -> 0 | W182: =+SUMIF($R$147:$R$175,$R182,W$147:W$175)*Conversions!$B$3 -> 0.97251302 | X182: =+SUMIF($R$147:$R$175,$R182,X$147:X$175)*Conversions!$B$3 -> 13.35942 | Y182: =+SUMIF($R$147:$R$175,$R182,Y$147:Y$175)*Conversions!$B$3 -> 0.53957 | Z182: =+SUMIF($R$147:$R$175,$R182,Z$147:Z$175)*Conversions!$B$3 -> 0 | AA182: =+SUMIF($R$147:$R$175,$R182,AA$147:AA$175)*Conversions!$B$3 -> 0 | ... AE182: =+SUMIF($R$147:$R$175,$R182,AE$147:AE$175)*Conversions!$B$3 -> 0.58529562 | AF182: =+Z182+T182 -> 0 | AG182: =+AA182+U182 -> 0 | AH182: =+AB182+V182 -> 0 | AI182: =+AC182+W182 -> 2.8502291 | AJ182: =+AD182+X182 -> 13.884738 | AK182: =+AE182+Y182 -> 1.1248656 | AL182: =SUM(AF182:AK182) -> 17.859833 | AM182: =SUMIF($T$113:$T$141,AN182,$P$113:$S$141)*Conversions!$B$3 -> 2.392936 | AN182: Food and Drink | AO182: =+SUM(AP182:AU182) -> 16.549801 | AP182: =+'EB2019'!AF32*Conversions!$B$2 -> 0 | AQ182: =+'EB2019'!AN32*Conversions!$B$2 -> 0 | AR182: =+'EB2019'!C32*Conversions!$B$2 -> 0 | AS182: =+'EB2019'!L32*Conversions!$B$2 -> 2.8298801 | AT182: =+'EB2019'!AA32*Conversions!$B$2 -> 12.744116 | AU182: =+'EB2019'!AE32*Conversions!$B$2 -> 0.97580492 | AV182: =+'EB2019'!AO32*Conversions!$B$2 -> 4.1176772 | AW182: =+SUM(AX182:BC182) -> 15.915135 | AX182: =+'EB2018'!AF32*Conversions!$B$2 -> 0 | AY182: =+'EB2018'!AN32*Conversions!$B$2 -> 0 | AZ182: =+'EB2018'!C32*Conversions!$B$2 -> 0.7748015 | BA182: =+'EB2018'!L32*Conversions!$B$2 -> 2.7248211 | BB182: =+'EB2018'!AA32*Conversions!$B$2 -> 11.417881 | BC182: =+'EB2018'!AE32*Conversions!$B$2 -> 0.9976315 | BD182: =+'EB2018'!AO32*Conversions!$B$2 -> 3.9889774
B183: Chemicals | C183: Boiler | D183: =+IFERROR(D151/SUM($D151:$I151),0) -> 0 | E183: =+IFERROR(E151/SUM($D151:$I151),0) -> 0 | F183: =+IFERROR(F151/SUM($D151:$I151),0) -> 0 | G183: =+IFERROR(G151/SUM($D151:$I151),0) -> 0.070311762 | H183: =+IFERROR(H151/SUM($D151:$I151),0) -> 0.92968824 | I183: =+IFERROR(I151/SUM($D151:$I151),0) -> 0 | J183: =+IFERROR(J151/SUM($J151:$O151),0) -> 0 | K183: =+IFERROR(K151/SUM($J151:$O151),0) -> 0 | L183: =+IFERROR(L151/SUM($J151:$O151),0) -> 0.098689901 | M183: =+IFERROR(M151/SUM($J151:$O151),0) -> 0.107021 | N183: =+IFERROR(N151/SUM($J151:$O151),0) -> 0.7942891 | O183: =+IFERROR(O151/SUM($J151:$O151),0) -> 0 | R183: Lime | S183: =+SUM(T183:AE183) -> 1.4686836 | T183: =+SUMIF($R$147:$R$175,$R183,T$147:T$175)*Conversions!$B$3 -> 0 | U183: =+SUMIF($R$147:$R$175,$R183,U$147:U$175)*Conversions!$B$3 -> 0 | V183: =+SUMIF($R$147:$R$175,$R183,V$147:V$175)*Conversions!$B$3 -> 0.65947226 | W183: =+SUMIF($R$147:$R$175,$R183,W$147:W$175)*Conversions!$B$3 -> 0 | X183: =+SUMIF($R$147:$R$175,$R183,X$147:X$175)*Conversions!$B$3 -> 0.80921135 | Y183: =+SUMIF($R$147:$R$175,$R183,Y$147:Y$175)*Conversions!$B$3 -> 0 | Z183: =+SUMIF($R$147:$R$175,$R183,Z$147:Z$175)*Conversions!$B$3 -> 0 | AA183: =+SUMIF($R$147:$R$175,$R183,AA$147:AA$175)*Conversions!$B$3 -> 0 | ... AE183: =+SUMIF($R$147:$R$175,$R183,AE$147:AE$175)*Conversions!$B$3 -> 0 | AF183: =+Z183+T183 -> 0 | AG183: =+AA183+U183 -> 0 | AH183: =+AB183+V183 -> 0.65947226 | AI183: =+AC183+W183 -> 0 | AJ183: =+AD183+X183 -> 0.80921135 | AK183: =+AE183+Y183 -> 0 | AL183: =SUM(AF183:AK183) -> 1.4686836 | AM183: =SUMIF($T$113:$T$141,AN183,$P$113:$S$141)*Conversions!$B$3 -> 0.2875862 | AN183: Lime | AO183: =+SUM(AP183:AU183) -> 0 | AW183: =+SUM(AX183:BC183) -> 0
B184: Chemicals | C184: Oven | D184: =+IFERROR(D152/SUM($D152:$I152),0) -> 0 | E184: =+IFERROR(E152/SUM($D152:$I152),0) -> 0 | F184: =+IFERROR(F152/SUM($D152:$I152),0) -> 0 | G184: =+IFERROR(G152/SUM($D152:$I152),0) -> 0.070311762 | H184: =+IFERROR(H152/SUM($D152:$I152),0) -> 0.92968824 | I184: =+IFERROR(I152/SUM($D152:$I152),0) -> 0 | J184: =+IFERROR(J152/SUM($J152:$O152),0) -> 0 | K184: =+IFERROR(K152/SUM($J152:$O152),0) -> 0 | L184: =+IFERROR(L152/SUM($J152:$O152),0) -> 0.098689901 | M184: =+IFERROR(M152/SUM($J152:$O152),0) -> 0.107021 | N184: =+IFERROR(N152/SUM($J152:$O152),0) -> 0.7942891 | O184: =+IFERROR(O152/SUM($J152:$O152),0) -> 0 | R184: Metals | S184: =+SUM(T184:AE184) -> 24.370289 | T184: =+SUMIF($R$147:$R$175,$R184,T$147:T$175)*Conversions!$B$3 -> 0 | U184: =+SUMIF($R$147:$R$175,$R184,U$147:U$175)*Conversions!$B$3 -> 0 | V184: =+SUMIF($R$147:$R$175,$R184,V$147:V$175)*Conversions!$B$3 -> 0 | W184: =+SUMIF($R$147:$R$175,$R184,W$147:W$175)*Conversions!$B$3 -> 0.11111296 | X184: =+SUMIF($R$147:$R$175,$R184,X$147:X$175)*Conversions!$B$3 -> 21.857501 | Y184: =+SUMIF($R$147:$R$175,$R184,Y$147:Y$175)*Conversions!$B$3 -> 0 | Z184: =+SUMIF($R$147:$R$175,$R184,Z$147:Z$175)*Conversions!$B$3 -> 0 | AA184: =+SUMIF($R$147:$R$175,$R184,AA$147:AA$175)*Conversions!$B$3 -> 0 | ... AE184: =+SUMIF($R$147:$R$175,$R184,AE$147:AE$175)*Conversions!$B$3 -> 0 | AF184: =+Z184+T184 -> 0 | AG184: =+AA184+U184 -> 0 | AH184: =+AB184+V184 -> 0.0056923734 | AI184: =+AC184+W184 -> 0.43844638 | AJ184: =+AD184+X184 -> 23.92615 | AK184: =+AE184+Y184 -> 0 | AL184: =SUM(AF184:AK184) -> 24.370289 | AM184: =SUMIF($T$113:$T$141,AN184,$P$113:$S$141)*Conversions!$B$3 -> -2.2125003 | AN184: Metals | AO184: =+SUM(AP184:AU184) -> 18.146045 | AP184: =+'EB2019'!AF39*Conversions!$B$2 -> 0 | AQ184: =+'EB2019'!AN39*Conversions!$B$2 -> 0 | AR184: =+'EB2019'!C39*Conversions!$B$2 -> 0 | AS184: =+'EB2019'!L39*Conversions!$B$2 -> 0.26909243 | AT184: =+'EB2019'!AA39*Conversions!$B$2 -> 17.876953 | AU184: =+'EB2019'!AE39*Conversions!$B$2 -> 0 | AV184: =+'EB2019'!AO39*Conversions!$B$2 -> 2.6008012 | AW184: =+SUM(AX184:BC184) -> 17.485296 | AX184: =+'EB2018'!AF39*Conversions!$B$2 -> 0 | AY184: =+'EB2018'!AN39*Conversions!$B$2 -> 0 | AZ184: =+'EB2018'!C39*Conversions!$B$2 -> 0 | BA184: =+'EB2018'!L39*Conversions!$B$2 -> 0.23771208 | BB184: =+'EB2018'!AA39*Conversions!$B$2 -> 17.247584 | BC184: =+'EB2018'!AE39*Conversions!$B$2 -> 0 | BD184: =+'EB2018'!AO39*Conversions!$B$2 -> 2.8300858 | BF184: =+'EB2019'!AA11*Conversions!$B$2 -> 10.829461
